-- phpMyAdmin SQL Dump
-- version 5.2.0
-- https://www.phpmyadmin.net/
--
-- Host: 127.0.0.1
-- Generation Time: Nov 16, 2023 at 02:45 PM
-- Server version: 10.4.27-MariaDB
-- PHP Version: 8.2.0

SET SQL_MODE = "NO_AUTO_VALUE_ON_ZERO";
START TRANSACTION;
SET time_zone = "+00:00";


/*!40101 SET @OLD_CHARACTER_SET_CLIENT=@@CHARACTER_SET_CLIENT */;
/*!40101 SET @OLD_CHARACTER_SET_RESULTS=@@CHARACTER_SET_RESULTS */;
/*!40101 SET @OLD_COLLATION_CONNECTION=@@COLLATION_CONNECTION */;
/*!40101 SET NAMES utf8mb4 */;

--
-- Database: `kingscoffee_db`
--

-- --------------------------------------------------------

--
-- Table structure for table `archieve_categories`
--

CREATE TABLE `archieve_categories` (
  `id` int(30) NOT NULL,
  `name` varchar(255) NOT NULL,
  `description` text NOT NULL
) ENGINE=InnoDB DEFAULT CHARSET=utf8mb4 COLLATE=utf8mb4_general_ci;

--
-- Dumping data for table `archieve_categories`
--

INSERT INTO `archieve_categories` (`id`, `name`, `description`) VALUES
(2, 'Bread', 'Bread'),
(5, 'Milktea', 'Milktea'),
(6, 'Coffee', 'Coffee'),
(7, 'Fruit Juice', 'Fruit Juice'),
(8, 'Pasta', 'Pasta'),
(9, 'Iced Coffee', 'Cold'),
(11, 'Cake', 'Cake'),
(22, 'add', 'cxv'),
(25, 'adson', 'ADS-ON'),
(31, 'Large', 'Large Drinks');

-- --------------------------------------------------------

--
-- Table structure for table `archieve_inv_categories`
--

CREATE TABLE `archieve_inv_categories` (
  `id` int(255) NOT NULL,
  `name` varchar(255) NOT NULL,
  `description` varchar(255) NOT NULL
) ENGINE=InnoDB DEFAULT CHARSET=utf8mb4 COLLATE=utf8mb4_general_ci;

-- --------------------------------------------------------

--
-- Table structure for table `archieve_products`
--

CREATE TABLE `archieve_products` (
  `id` int(30) NOT NULL,
  `category_id` int(30) NOT NULL,
  `name` varchar(255) NOT NULL,
  `description` text NOT NULL,
  `price` float NOT NULL,
  `status` tinyint(1) NOT NULL DEFAULT 1,
  `image` varchar(255) NOT NULL
) ENGINE=InnoDB DEFAULT CHARSET=utf8mb4 COLLATE=utf8mb4_general_ci;

--
-- Dumping data for table `archieve_products`
--

INSERT INTO `archieve_products` (`id`, `category_id`, `name`, `description`, `price`, `status`, `image`) VALUES
(115, 5, 'Okinawa', 'Okinawa', 75, 1, '1685174460_whitechoco.jpg'),
(116, 7, 'Mango ', 'mango', 50, 1, '1685188200_juice.jpg'),
(117, 5, 'Wintermelon', 'wintermelon', 85, 1, '1685188200_kape.jpg'),
(118, 10, 'Amerikano', 'amerikano', 100, 1, '1685188380_hot coffee.jpg'),
(119, 9, 'White Chocolate ', 'white chocolate', 95, 1, '1685241480_348825790_790031692652606_5186885915670577889_n.jpg'),
(121, 12, 'Four Season ', 'hehe', 65, 1, '1685241660_4season.jpg'),
(129, 11, 'Test', 'dsds', 11111, 1, '1696316100_speed.jpg'),
(131, 6, 'noyma', 'manoy', 200, 1, '1697315580_1.jpg'),
(141, 9, 'Lublob', 'kulot', 22, 1, '1697468100_348825790_790031692652606_5186885915670577889_n.jpg'),
(143, 8, 'Kapepo', 'Juanakape', 69, 1, '1697468460_chocolate.jpg'),
(144, 9, 'add ko', 'gv', 90, 1, '1697469540_4season.jpg'),
(148, 25, 'Pearl', 'pearl', 10, 1, '1698207060_360_F_475057855_d994DCoqIsggpekapijeAwLtGkM1xbV6.jpg'),
(150, 10, 'Americano', 'matapang', 69, 1, '1698293760_Screenshot (8).png'),
(172, 28, 'Cappuccino', 'Capuc', 120, 1, '1699295160_hot coffee.jpg'),
(174, 0, '', '', 70, 1, ''),
(175, 0, '', '', 67, 1, ''),
(177, 31, '(L)Amerikano', 'Large Amerikano', 140, 1, '1699625760_amerikano.jpg'),
(178, 31, 'LargeAmerikano', 'Large Amerikano', 140, 1, '1699625880_amerikano.jpg'),
(179, 28, 'dsdsds', 'ds', 22, 1, '1699626060_4season.jpg'),
(180, 31, 'LargeAmerikano', 'LargeAmerikano', 140, 1, '1699626240_amerikano.jpg'),
(181, 31, 'lage', 'sds', 22, 1, '1699626360_amerikano.jpg'),
(182, 31, 'ss', 'sds', 22, 1, '1699626480_amerikano.jpg'),
(183, 31, 'dsd', 'dd', 22, 1, '1699626540_amerikano.jpg'),
(184, 30, 'sas', 'ss', 22, 1, '1699626540_5.jpg'),
(186, 32, '(L)White Mocha', 'Large White  Mocha', 140, 1, '1699627620_348825790_790031692652606_5186885915670577889_n.jpg');

-- --------------------------------------------------------

--
-- Table structure for table `archieve_users`
--

CREATE TABLE `archieve_users` (
  `id` int(30) NOT NULL,
  `name` text NOT NULL,
  `username` varchar(255) NOT NULL,
  `password` text NOT NULL,
  `type` tinyint(4) NOT NULL
) ENGINE=InnoDB DEFAULT CHARSET=utf8mb4 COLLATE=utf8mb4_general_ci;

--
-- Dumping data for table `archieve_users`
--

INSERT INTO `archieve_users` (`id`, `name`, `username`, `password`, `type`) VALUES
(11, 'dsds', '', '', 0),
(14, 'cashier4', 'cashier4', '1c69dededd08426a801c3a35dc7673bf', 2),
(13, 'qwewewqewq', 'asdassss', '4297f44b13955235245b2497399d7a93', 2),
(11, 'dsds', '', '', 0),
(14, 'cashier4', 'cashier4', '1c69dededd08426a801c3a35dc7673bf', 2),
(13, 'qwewewqewq', 'asdassss', '4297f44b13955235245b2497399d7a93', 2),
(11, 'dsds', '', '', 0),
(14, 'cashier4', 'cashier4', '1c69dededd08426a801c3a35dc7673bf', 2),
(13, 'qwewewqewq', 'asdassss', '4297f44b13955235245b2497399d7a93', 2),
(11, 'dsds', '', '', 0),
(14, 'cashier4', 'cashier4', '1c69dededd08426a801c3a35dc7673bf', 2),
(13, 'qwewewqewq', 'asdassss', '4297f44b13955235245b2497399d7a93', 2),
(18, 'haha', 'ahah', '4e4d6c332b6fe62a63afe56171fd3725', 2),
(15, 'haha', 'haha', '4e4d6c332b6fe62a63afe56171fd3725', 2),
(17, 'marco bebe', 'marco bebe', 'cebe98b4cbbd04f8525097c0fc53dee8', 2),
(12, 'sample', 'sample1', 'ac46374a846d97e22f917b6863f690ad', 2),
(10, 'test', 'test', 'cc03e747a6afbbcbf8be7668acfebee5', 2),
(16, 'hahahehe', 'hahahehe', '4e4d6c332b6fe62a63afe56171fd3725', 2),
(6, 'juan dela cruz', 'juan', 'a94652aa97c7211ba8954dd15a3cf838', 2);

-- --------------------------------------------------------

--
-- Table structure for table `categories`
--

CREATE TABLE `categories` (
  `id` int(30) NOT NULL,
  `name` varchar(200) NOT NULL,
  `description` text NOT NULL
) ENGINE=InnoDB DEFAULT CHARSET=utf8mb4 COLLATE=utf8mb4_general_ci;

--
-- Dumping data for table `categories`
--

INSERT INTO `categories` (`id`, `name`, `description`) VALUES
(27, 'Espresso', 'Espresso'),
(28, 'Latte', 'Latte'),
(29, 'Pastry', 'Pastry'),
(30, 'addons', 'add ons'),
(32, 'Large', 'Large Drinks'),
(33, 'Classic Ice Blended', 'Classic Ice Blended'),
(34, 'Cream Based IB', 'Cream Based Ice Blended'),
(35, 'Italian Soda', 'italian'),
(36, 'Milktea', 'milktea'),
(37, 'Hot Tea', 'Hot tea'),
(38, 'Fruit Juice', 'fruit juice'),
(39, 'Non-Coffee', 'Non-coffee'),
(40, 'Juice', 'Juice'),
(41, 'Premium Coffee', 'coffee'),
(42, 'Signature of Kings', 'best'),
(43, 'Hot Coffe', 'Hot Coffee'),
(44, 'Pasta', 'Pasta'),
(45, 'Authentic Drinks', 'Authentic Drinks');

-- --------------------------------------------------------

--
-- Table structure for table `categories_inventory`
--

CREATE TABLE `categories_inventory` (
  `id` int(11) NOT NULL,
  `name` varchar(255) NOT NULL,
  `description` varchar(255) NOT NULL
) ENGINE=InnoDB DEFAULT CHARSET=utf8mb4 COLLATE=utf8mb4_general_ci;

--
-- Dumping data for table `categories_inventory`
--

INSERT INTO `categories_inventory` (`id`, `name`, `description`) VALUES
(18, 'Powder', 'Powder'),
(19, 'Syrup', 'Syrup'),
(20, 'Thick Syrup', 'thick'),
(21, 'Milk', 'Milk'),
(22, 'Coffee', 'Coffee'),
(23, 'Italian Soda', 'Italian Soda'),
(24, 'Juice', 'Juice'),
(25, 'Materials', 'Materials'),
(26, ' Chips', 'Chips'),
(27, 'Cream', 'Cream'),
(28, 'Add', 'Add Ons');

-- --------------------------------------------------------

--
-- Table structure for table `daily_sales`
--

CREATE TABLE `daily_sales` (
  `sales_id` int(255) NOT NULL,
  `date` date NOT NULL,
  `total_sales` float NOT NULL
) ENGINE=InnoDB DEFAULT CHARSET=utf8mb4 COLLATE=utf8mb4_general_ci;

--
-- Dumping data for table `daily_sales`
--

INSERT INTO `daily_sales` (`sales_id`, `date`, `total_sales`) VALUES
(40, '2023-10-20', 14478.2),
(41, '2023-10-20', 14700.2),
(42, '2023-10-20', 14922.2),
(43, '2023-10-20', 15099.8),
(44, '2023-10-20', 15321.8),
(45, '2023-10-20', 15543.8),
(46, '2023-10-20', 15738.8),
(47, '2023-10-20', 15916.4),
(48, '2023-10-20', 16127.3),
(49, '2023-10-20', 16236.3),
(50, '2023-10-20', 16540.3),
(51, '2023-10-20', 16740.3),
(52, '2023-10-20', 16940.3),
(53, '2023-10-20', 17162.3),
(54, '2023-10-20', 18050.3),
(55, '2023-10-20', 18210.3),
(56, '2023-10-20', 18387.9),
(57, '2023-10-20', 18725.5),
(58, '2023-10-20', 19045.5),
(59, '2023-10-20', 19223.1),
(60, '2023-10-20', 20466.3),
(61, '2023-10-20', 20677.2),
(62, '2023-10-20', 20854.8),
(63, '2023-10-20', 21032.4),
(64, '2023-10-20', 21210),
(65, '2023-10-24', 200),
(66, '2023-10-24', 422),
(67, '2023-10-24', 644),
(68, '2023-10-24', 866),
(69, '2023-10-24', 1088),
(70, '2023-10-24', 1976),
(71, '2023-10-24', 2313.6),
(72, '2023-10-24', 2513.6),
(73, '2023-10-24', 2735.6),
(74, '2023-10-24', 2957.6),
(75, '2023-10-24', 3122.4),
(76, '2023-10-24', 3351.06),
(77, '2023-10-24', 3557.06),
(78, '2023-10-24', 3763.06),
(79, '2023-10-24', 3991.72),
(80, '2023-10-24', 4103.99),
(81, '2023-10-24', 4309.99),
(82, '2023-10-24', 4492.92),
(83, '2023-10-24', 4698.92),
(84, '2023-10-24', 4927.58),
(85, '2023-10-24', 5110.51),
(86, '2023-10-24', 5339.17),
(87, '2023-10-24', 5545.17),
(88, '2023-10-24', 5773.83),
(89, '2023-10-24', 5979.83),
(90, '2023-10-24', 6185.83),
(91, '2023-10-24', 6391.83),
(92, '2023-10-24', 6803.83),
(93, '2023-10-24', 7032.49),
(94, '2023-10-24', 7742.89),
(95, '2023-10-24', 7964.89),
(96, '2023-10-24', 8164.89),
(97, '2023-10-24', 8386.89),
(98, '2023-10-25', 422),
(99, '2023-10-25', 531),
(100, '2023-10-25', 1131),
(101, '2023-10-25', 1531),
(102, '2023-10-25', 1731),
(103, '2023-10-25', 2153),
(104, '2023-10-25', 2353),
(105, '2023-10-25', 2553),
(106, '2023-10-25', 2975),
(107, '2023-10-25', 3397),
(108, '2023-10-25', 3819),
(109, '2023-10-25', 4019),
(110, '2023-10-25', 4219),
(111, '2023-10-25', 4419),
(112, '2023-10-25', 4841),
(113, '2023-10-25', 5241),
(114, '2023-10-25', 5663),
(115, '2023-10-25', 6085),
(116, '2023-10-25', 6507),
(117, '2023-10-25', 6707),
(118, '2023-10-25', 6907),
(119, '2023-10-25', 7129),
(120, '2023-11-02', 79),
(121, '2023-11-02', 148),
(122, '2023-11-02', 227),
(123, '2023-11-02', 306),
(124, '2023-11-02', 385),
(125, '2023-11-02', 464),
(126, '2023-11-02', 543),
(127, '2023-11-02', 622),
(128, '2023-11-02', 701),
(129, '2023-11-02', 780),
(130, '2023-11-02', 790),
(131, '2023-11-02', 869),
(132, '2023-11-02', 950),
(133, '2023-11-03', 79),
(134, '2023-11-03', 158),
(135, '2023-11-03', 237),
(136, '2023-11-03', 316),
(137, '2023-11-03', 395),
(138, '2023-11-03', 474),
(139, '2023-11-03', 553),
(140, '2023-11-03', 765),
(141, '2023-11-03', 844),
(142, '2023-11-03', 913),
(143, '2023-11-03', 982),
(144, '2023-11-03', 1051),
(145, '2023-11-03', 1120),
(146, '2023-11-03', 1189),
(147, '2023-11-03', 1258),
(148, '2023-11-03', 1327),
(149, '2023-11-03', 1396),
(150, '2023-11-03', 1465),
(151, '2023-11-03', 1534),
(152, '2023-11-03', 1603),
(153, '2023-11-03', 1672),
(154, '2023-11-03', 1741),
(155, '2023-11-03', 1820),
(156, '2023-11-03', 1889),
(157, '2023-11-03', 1968),
(158, '2023-11-03', 2037),
(159, '2023-11-03', 2116),
(160, '2023-11-03', 2195),
(161, '2023-11-03', 2274),
(162, '2023-11-03', 2353),
(163, '2023-11-03', 2432),
(164, '2023-11-03', 2501),
(165, '2023-11-03', 2582),
(166, '2023-11-03', 2651),
(167, '2023-11-03', 2714.2),
(168, '2023-11-03', 2769.4),
(169, '2023-11-03', 4472.4),
(170, '2023-11-03', 4553.4),
(171, '2023-11-03', 4832.4),
(172, '2023-11-03', 4923.4),
(173, '2023-11-03', 5333.4),
(174, '2023-11-03', 5533.4),
(175, '2023-11-03', 5612.4),
(176, '2023-11-03', 5681.4),
(177, '2023-11-03', 7567.4),
(178, '2023-11-03', 7636.4),
(179, '2023-11-03', 7705.4),
(180, '2023-11-03', 7996.4),
(181, '2023-11-03', 8075.4),
(182, '2023-11-03', 8144.4),
(183, '2023-11-03', 8213.4),
(184, '2023-11-03', 8282.4),
(185, '2023-11-03', 8561.4),
(186, '2023-11-03', 8840.4),
(187, '2023-11-03', 9119.4),
(188, '2023-11-03', 9743.4),
(189, '2023-11-03', 10377.4),
(190, '2023-11-03', 11080.4),
(191, '2023-11-03', 11581.4),
(192, '2023-11-03', 11798.4),
(193, '2023-11-03', 12005.4),
(194, '2023-11-03', 12222.4),
(195, '2023-11-03', 12429.4),
(196, '2023-11-03', 12648.4),
(197, '2023-11-03', 12855.4),
(198, '2023-11-03', 13084.4),
(199, '2023-11-03', 13661.4),
(200, '2023-11-03', 13940.4),
(201, '2023-11-03', 14221.4),
(202, '2023-11-06', 1518),
(203, '2023-11-06', 1868),
(204, '2023-11-06', 2810.4),
(205, '2023-11-06', 3384.4),
(206, '2023-11-06', 3958.4),
(207, '2023-11-06', 4808.4),
(208, '2023-11-06', 5658.4),
(209, '2023-11-06', 5739.4),
(210, '2023-11-06', 5818.4),
(211, '2023-11-06', 5897.4),
(212, '2023-11-06', 5976.4),
(213, '2023-11-06', 6055.4),
(214, '2023-11-06', 6255.4),
(215, '2023-11-06', 6324.4),
(216, '2023-11-07', 120),
(217, '2023-11-07', 240),
(218, '2023-11-07', 480),
(219, '2023-11-07', 576),
(220, '2023-11-07', 696),
(221, '2023-11-10', 900),
(222, '2023-11-10', 1800),
(223, '2023-11-10', 1920),
(224, '2023-11-11', 114),
(225, '2023-11-14', 133),
(226, '2023-11-14', 134),
(227, '2023-11-14', 154),
(228, '2023-11-14', 214),
(229, '2023-11-14', 354),
(230, '2023-11-14', 494),
(231, '2023-11-14', 634),
(232, '2023-11-14', 774),
(233, '2023-11-14', 894),
(234, '2023-11-14', 1034),
(235, '2023-11-14', 1174),
(236, '2023-11-14', 1175),
(237, '2023-11-14', 1195),
(238, '2023-11-14', 1196),
(239, '2023-11-14', 1197),
(240, '2023-11-14', 1337),
(241, '2023-11-14', 1438),
(242, '2023-11-14', 1558),
(243, '2023-11-14', 1698),
(244, '2023-11-14', 1838),
(245, '2023-11-14', 1978),
(246, '2023-11-14', 2118),
(247, '2023-11-14', 2258),
(248, '2023-11-14', 2378),
(249, '2023-11-14', 2518),
(250, '2023-11-14', 2538),
(251, '2023-11-14', 2558),
(252, '2023-11-15', 140),
(253, '2023-11-15', 451),
(254, '2023-11-15', 881),
(255, '2023-11-15', 1171),
(256, '2023-11-15', 1461),
(257, '2023-11-15', 1611),
(258, '2023-11-15', 1901),
(259, '2023-11-15', 2061),
(260, '2023-11-15', 2211),
(261, '2023-11-15', 2361),
(262, '2023-11-15', 2511),
(263, '2023-11-15', 2661),
(264, '2023-11-15', 2811),
(265, '2023-11-15', 2961),
(266, '2023-11-15', 3111),
(267, '2023-11-15', 3261),
(268, '2023-11-15', 3411),
(269, '2023-11-15', 3561),
(270, '2023-11-15', 3711),
(271, '2023-11-15', 3861),
(272, '2023-11-15', 4011),
(273, '2023-11-15', 4161),
(274, '2023-11-15', 4311),
(275, '2023-11-15', 4461),
(276, '2023-11-15', 4611),
(277, '2023-11-15', 4761),
(278, '2023-11-15', 4911),
(279, '2023-11-15', 5061),
(280, '2023-11-15', 5211),
(281, '2023-11-15', 5361),
(282, '2023-11-15', 5361),
(283, '2023-11-15', 5511),
(284, '2023-11-15', 5661),
(285, '2023-11-15', 5811),
(286, '2023-11-15', 5961),
(287, '2023-11-15', 6252),
(288, '2023-11-15', 6413),
(289, '2023-11-15', 6563),
(290, '2023-11-15', 6713),
(291, '2023-11-15', 6863),
(292, '2023-11-15', 7013),
(293, '2023-11-15', 7163),
(294, '2023-11-15', 7313),
(295, '2023-11-15', 7463),
(296, '2023-11-15', 7613),
(297, '2023-11-15', 7723),
(298, '2023-11-15', 7873),
(299, '2023-11-15', 7873),
(300, '2023-11-15', 8163),
(301, '2023-11-15', 8183),
(302, '2023-11-15', 8323),
(303, '2023-11-15', 8473),
(304, '2023-11-15', 8623),
(305, '2023-11-16', 400),
(306, '2023-11-16', 681),
(307, '2023-11-16', 962),
(308, '2023-11-16', 1243),
(309, '2023-11-16', 1674),
(310, '2023-11-16', 1965),
(311, '2023-11-16', 2146),
(312, '2023-11-16', 2556),
(313, '2023-11-16', 2857),
(314, '2023-11-16', 3007),
(315, '2023-11-16', 3298),
(316, '2023-11-16', 3598),
(317, '2023-11-16', 3758),
(318, '2023-11-16', 4049),
(319, '2023-11-16', 4480),
(320, '2023-11-16', 5002.5),
(321, '2023-11-16', 5152.5),
(322, '2023-11-16', 5473.5),
(323, '2023-11-16', 5784.5),
(324, '2023-11-16', 5934.5),
(325, '2023-11-16', 6094.5),
(326, '2023-11-16', 6422.5),
(327, '2023-11-16', 6822.5),
(328, '2023-11-16', 7030.5),
(329, '2023-11-16', 7280.5),
(330, '2023-11-16', 7480.5),
(331, '2023-11-16', 7575.5),
(332, '2023-11-16', 7647.5),
(333, '2023-11-16', 7727.5),
(334, '2023-11-16', 7922.5),
(335, '2023-11-16', 7998.5),
(336, '2023-11-16', 8283.5),
(337, '2023-11-16', 8407.5),
(338, '2023-11-16', 8567.5),
(339, '2023-11-16', 8627.5),
(340, '2023-11-16', 8817.5),
(341, '2023-11-16', 8962.5),
(342, '2023-11-16', 9142.5),
(343, '2023-11-16', 9507.5);

-- --------------------------------------------------------

--
-- Table structure for table `ingredients`
--

CREATE TABLE `ingredients` (
  `id` int(255) NOT NULL,
  `category_id` int(11) NOT NULL,
  `category_name` varchar(255) NOT NULL,
  `name` varchar(255) NOT NULL,
  `cost` varchar(255) NOT NULL,
  `qty` int(255) NOT NULL,
  `total` varchar(255) NOT NULL,
  `stocks` int(255) NOT NULL,
  `unit` varchar(255) NOT NULL,
  `expiration_date` date NOT NULL DEFAULT current_timestamp(),
  `date_created` date NOT NULL DEFAULT current_timestamp(),
  `status` tinyint(11) NOT NULL DEFAULT 1
) ENGINE=InnoDB DEFAULT CHARSET=utf8mb4 COLLATE=utf8mb4_general_ci;

--
-- Dumping data for table `ingredients`
--

INSERT INTO `ingredients` (`id`, `category_id`, `category_name`, `name`, `cost`, `qty`, `total`, `stocks`, `unit`, `expiration_date`, `date_created`, `status`) VALUES
(60, 18, 'Powder', 'Coffee', '10', 1000, '10000', 1500, 'ml', '2025-11-20', '2023-11-11', 1),
(61, 19, 'Syrup', 'Chocolate', '340', 5, '1700', 5000, 'ml', '2023-12-06', '2023-11-12', 1),
(63, 19, 'Syrup', 'Low', '10', 1000, '10000', 2000, 'ml', '2023-11-30', '2023-11-14', 1),
(73, 19, 'Syrup', 'Milk', '', 54, '', 3068, 'ml', '2023-11-30', '2023-11-16', 1),
(74, 18, 'Powder', 'Milk', '', 21, '', 4034, 'grams', '2023-12-02', '2023-11-16', 1),
(75, 18, 'Powder', 'Coffee Beans', '', 3, '', 1500, 'grams', '2024-01-25', '2023-11-16', 1),
(76, 18, 'Powder', 'Taro Milktea', '', 4, '', 4000, 'grams', '2025-05-29', '2023-11-16', 1),
(77, 20, 'Thick Syrup', 'Fudge', '', 5, '', 5000, 'ml', '2026-10-21', '2023-11-16', 1),
(78, 18, 'Powder', 'Milkea', '', 5, '', 5000, 'grams', '2024-11-16', '2023-11-16', 1),
(79, 18, 'Powder', 'Okinawa', '', 5, '', 5000, 'ml', '2023-12-05', '2023-11-16', 1),
(80, 18, 'Powder', 'Wintermelon', '', 2, '', 2000, 'grams', '2023-12-08', '2023-11-16', 1),
(81, 19, 'Syrup', 'Caramel', '', 998, '', 1000, 'ml', '2024-03-16', '2023-11-16', 1),
(82, 19, 'Syrup', 'Sugar', '', 1000, '', 1000, 'ml', '2024-01-19', '2023-11-16', 1),
(83, 18, 'Powder', 'Cinnamon', '', 3, '', 3000, 'grams', '2024-10-16', '2023-11-16', 1),
(85, 21, 'Milk', 'Non Fat', '', 5, '', 5000, 'ml', '2024-10-03', '2023-11-16', 1),
(86, 21, 'Milk', 'Almond ', '', 3, '', 3000, 'ml', '2024-11-16', '2023-11-16', 1),
(87, 22, 'Coffee', 'Spanish', '', 3, '', 3000, 'grams', '2024-10-24', '2023-11-16', 1),
(88, 22, 'Coffee', 'Barako ', '', 5, '', 5000, 'grams', '2024-12-16', '2023-11-16', 1),
(89, 22, 'Coffee', 'Vietnamese', '', 5, '', 5000, 'grams', '2024-06-16', '2023-11-16', 1),
(90, 18, 'Powder', 'Tea', '', 5, '', 8000, 'grams', '2024-10-31', '2023-11-16', 1),
(91, 23, 'Italian Soda', 'Citrus Lemon', '', 5, '', 5000, 'grams', '2024-08-23', '2023-11-16', 1),
(92, 23, 'Italian Soda', 'Strawberry IS Citrus', '', 5, '', 5000, 'ml', '2024-09-27', '2023-11-16', 1),
(93, 24, 'Juice', 'Mango', '', 5, '', 5000, 'grams', '2024-11-16', '2023-11-16', 1),
(94, 24, 'Juice', 'Pine Apple', '', 5, '', 5000, 'grams', '2023-11-30', '2023-11-16', 1),
(95, 18, 'Powder', 'Matcha', '', 6, '', 6000, 'grams', '2024-10-25', '2023-11-16', 1),
(96, 25, 'Materials', 'Cup (L)', '', 50, '', 500, 'grams', '2024-07-27', '2023-11-16', 1),
(97, 25, 'Materials', 'Straw', '', 100, '', 5000, 'grams', '2024-11-16', '2023-11-16', 1),
(98, 18, 'Powder', 'Cookies and Cream ', '', 5, '', 5000, 'grams', '2025-10-14', '2023-11-16', 1),
(99, 26, 'Chocolate Chips', 'Java Chips', '', 8, '', 8000, 'grams', '2024-07-16', '2023-11-16', 1),
(100, 26, 'Chocolate Chips', 'White Chocolate ', '', 5, '', 5000, 'grams', '2024-10-24', '2023-11-16', 1),
(101, 18, 'Powder', 'Mocha', '', 6, '', 6000, 'grams', '2024-11-16', '2023-11-16', 1),
(102, 26, ' Chips', 'Almonds Nuts', '', 5, '', 5000, 'grams', '2024-11-16', '2023-11-16', 1),
(103, 20, 'Thick Syrup', 'Nutella', '', 5, '', 5000, 'ml', '2024-11-19', '2023-11-16', 1),
(104, 27, 'Cream', 'All Purpose ', '', 5, '', 5000, 'ml', '2024-12-16', '2023-11-16', 1),
(105, 27, 'Cream', 'Whipped ', '', 8, '', 8000, 'grams', '2024-06-30', '2023-11-16', 1),
(106, 18, 'Powder', 'Coffee Jelly ', '', 5, '', 5000, 'grams', '2024-09-19', '2023-11-16', 1),
(107, 24, 'Juice', 'White Grapes', '', 4, '', 4000, 'grams', '2025-07-30', '2023-11-16', 1),
(108, 22, 'Coffee', 'Breve', '', 5, '', 5000, 'grams', '2024-11-30', '2023-11-16', 1),
(109, 19, 'Syrup', 'Vanilla', '', 5, '', 5000, 'ml', '2024-10-16', '2023-11-16', 1),
(110, 18, 'Powder', 'Hazel Nut', '', 8, '', 8000, 'grams', '2023-11-16', '2023-11-16', 1),
(111, 25, 'Materials', 'Table Napkin', '', 50, '', 50, 'grams', '2024-10-16', '2023-11-16', 1),
(112, 25, 'Materials', 'Cup (M)', '', 100, '', 10000, 'grams', '2024-10-28', '2023-11-16', 1),
(113, 18, 'Powder', 'Salted Caramel', '', 5, '', 5000, 'grams', '2024-11-16', '2023-11-16', 1),
(114, 21, 'Milk', 'Low Fat Milk', '', 5, '', 5000, 'ml', '2024-06-28', '2023-11-16', 1),
(115, 18, 'Powder', 'Peppermint', '', 3, '', 3000, 'grams', '2024-10-16', '2023-11-16', 1),
(116, 24, 'Juice', 'Four Season', '', 8, '', 8000, 'ml', '2024-08-16', '2023-11-16', 1),
(117, 22, 'Coffee', 'Capuccino', '', 10, '', 10000, 'grams', '2024-09-27', '2023-11-16', 1),
(118, 22, 'Coffee', 'Cortado', '', 5, '', 5000, 'grams', '2024-07-16', '2023-11-16', 1),
(119, 28, 'Add', 'Pearl', '', 10, '', 1000, 'grams', '2024-06-28', '2023-11-16', 1),
(120, 27, 'Cream', 'Cheese', '', 5, '', 5000, 'grams', '2024-12-17', '2023-11-16', 1);

-- --------------------------------------------------------

--
-- Table structure for table `orders`
--

CREATE TABLE `orders` (
  `id` int(11) NOT NULL,
  `ref_no` varchar(50) NOT NULL,
  `total_amount` float NOT NULL,
  `with_vat` float NOT NULL,
  `amount_payable` float NOT NULL,
  `amount_tendered` float NOT NULL,
  `change` float NOT NULL,
  `customer_name` varchar(255) NOT NULL,
  `date_created` datetime NOT NULL DEFAULT current_timestamp(),
  `user` varchar(255) NOT NULL,
  `discount` varchar(255) NOT NULL,
  `payment_mode` varchar(255) NOT NULL DEFAULT 'cash',
  `mode` varchar(255) NOT NULL
) ENGINE=InnoDB DEFAULT CHARSET=utf8mb4 COLLATE=utf8mb4_general_ci;

--
-- Dumping data for table `orders`
--

INSERT INTO `orders` (`id`, `ref_no`, `total_amount`, `with_vat`, `amount_payable`, `amount_tendered`, `change`, `customer_name`, `date_created`, `user`, `discount`, `payment_mode`, `mode`) VALUES
(415, '590893248317', 79, 81.37, 79, 100, 0, 'xxx', '2023-11-02 23:33:15', 'cashier1', 'none', 'cash', 'DINE IN'),
(416, '821125620038', 79, 81.37, 79, 100, 0, 'xx', '2023-11-02 23:33:32', 'cashier1', 'none', 'cash', 'DINE IN'),
(417, '287043311106', 10, 10.3, 10, 100, 0, 'ss', '2023-11-02 23:34:19', 'cashier1', 'none', 'cash', 'DINE IN'),
(418, '144024130692', 79, 81.37, 79, 100, 0, 'dsd', '2023-11-02 23:36:12', 'cashier1', 'none', 'cash', 'DINE IN'),
(420, '235026260229', 79, 81.37, 79, 100, 0, 'dd', '2023-11-03 01:01:29', 'cashier1', 'none', 'cash', 'DINE IN'),
(421, '282836994056', 79, 81.37, 79, 100, 0, 'ddd', '2023-11-03 01:06:37', 'cashier1', 'none', 'cash', 'DINE IN'),
(422, '091902525802', 79, 81.37, 79, 100, 0, 'ss', '2023-11-03 01:07:09', 'cashier1', 'none', 'cash', 'DINE IN'),
(423, '117208209147', 79, 81.37, 79, 100, 0, 'ff', '2023-11-03 01:07:38', 'cashier1', 'none', 'cash', 'DINE IN'),
(424, '116563634484', 79, 81.37, 79, 100, 0, 's', '2023-11-03 01:09:05', 'cashier1', 'none', 'cash', 'DINE IN'),
(425, '019132539392', 79, 81.37, 79, 100, 0, 'cc', '2023-11-03 01:10:16', 'cashier1', 'none', 'cash', 'DINE IN'),
(426, '922613754608', 79, 81.37, 79, 100, 0, 'xx', '2023-11-03 01:11:11', 'cashier1', 'none', 'cash', 'DINE IN'),
(427, '709359368669', 212, 218.36, 212, 220, 0, 'xxx', '2023-11-03 01:11:55', 'cashier1', 'none', 'cash', 'DINE IN'),
(428, '125775815444', 79, 81.37, 79, 100, 0, 'dsds', '2023-11-03 01:13:07', 'cashier1', 'none', 'cash', 'DINE IN'),
(429, '977407149605', 69, 71.07, 69, 100, 0, 'ww', '2023-11-03 01:14:38', 'cashier1', 'none', 'cash', 'DINE IN'),
(430, '180728379171', 69, 71.07, 69, 100, 0, 'sdsd', '2023-11-03 01:15:21', 'cashier1', 'none', 'cash', 'DINE IN'),
(431, '695293212195', 69, 71.07, 69, 100, 0, 'dsd', '2023-11-03 01:31:06', 'cashier1', 'none', 'cash', 'DINE IN'),
(432, '001193423400', 69, 71.07, 69, 100, 0, 'sdsd', '2023-11-03 01:33:28', 'cashier1', 'none', 'cash', 'DINE IN'),
(433, '794688712568', 69, 71.07, 69, 100, 0, 'dsd', '2023-11-03 01:35:00', 'cashier1', 'none', 'cash', 'DINE IN'),
(434, '346206686043', 69, 71.07, 69, 100, 0, 'dsd', '2023-11-03 01:36:58', 'cashier1', 'none', 'cash', 'DINE IN'),
(435, '003376796019', 69, 71.07, 69, 100, 0, 'dsd', '2023-11-03 01:36:58', 'cashier1', 'none', 'cash', 'DINE IN'),
(436, '579197614289', 69, 71.07, 69, 100, 0, 'dsd', '2023-11-03 01:38:00', 'cashier1', 'none', 'cash', 'DINE IN'),
(437, '293497426877', 69, 71.07, 69, 100, 0, 'sds', '2023-11-03 01:41:21', 'cashier1', 'none', 'cash', 'DINE IN'),
(438, '988924185438', 69, 71.07, 69, 100, 0, 'dsd', '2023-11-03 01:42:03', 'cashier1', 'none', 'cash', 'DINE IN'),
(439, '476239520281', 69, 71.07, 69, 100, 0, 'ss', '2023-11-03 01:42:24', 'cashier1', 'none', 'cash', 'DINE IN'),
(440, '446190470003', 69, 71.07, 69, 1000, 0, 'ddd', '2023-11-03 01:43:18', 'cashier1', 'none', 'cash', 'DINE IN'),
(441, '767927851672', 69, 71.07, 69, 100, 0, 'dsd', '2023-11-03 01:46:07', 'cashier1', 'none', 'cash', 'DINE IN'),
(442, '846343294110', 79, 81.37, 79, 100, 0, 'ddd', '2023-11-03 01:47:36', 'cashier1', 'none', 'cash', 'DINE IN'),
(443, '651223038382', 69, 71.07, 69, 100, 0, 'dsd', '2023-11-03 01:47:57', 'cashier1', 'none', 'cash', 'DINE IN'),
(444, '487309691369', 79, 81.37, 79, 100, 0, 'sss', '2023-11-03 01:49:20', 'cashier1', 'none', 'cash', 'DINE IN'),
(445, '472784159354', 69, 71.07, 69, 100, 0, 'ss', '2023-11-03 02:00:58', 'cashier1', 'none', 'cash', 'DINE IN'),
(446, '911016302294', 79, 81.37, 79, 100, 0, 'dsd', '2023-11-03 02:03:44', 'cashier1', 'none', 'cash', 'DINE IN'),
(447, '915916999364', 79, 81.37, 79, 100, 0, 'dsd', '2023-11-03 02:04:18', 'cashier1', 'none', 'cash', 'DINE IN'),
(448, '074527695304', 79, 81.37, 79, 100, 0, 'ds', '2023-11-03 02:07:10', 'cashier1', 'none', 'cash', 'DINE IN'),
(449, '320971652265', 79, 81.37, 79, 100, 0, 'dsd', '2023-11-03 02:07:35', 'cashier1', 'none', 'cash', 'DINE IN'),
(450, '346757480124', 79, 81.37, 79, 100, 0, 'dd', '2023-11-03 02:08:57', 'cashier1', 'none', 'cash', 'DINE IN'),
(451, '393295261238', 69, 71.07, 69, 100, 0, 'dd', '2023-11-03 02:09:20', 'cashier1', 'none', 'cash', 'DINE IN'),
(452, '585654444280', 81, 83.43, 81, 100, 0, 'vb', '2023-11-03 02:28:33', 'cashier1', 'none', 'cash', 'DINE IN'),
(453, '414074795462', 69, 71.07, 69, 100, 0, 'g', '2023-11-03 02:29:02', 'cashier1', 'none', 'cash', 'DINE IN'),
(454, '542202874551', 79, 81.37, 63.2, 100, 0, 'vb', '2023-11-03 02:30:29', 'cashier1', 'pwd', 'cash', 'DINE IN'),
(455, '507834858276', 69, 71.07, 55.2, 100, 0, 'cv', '2023-11-03 02:31:09', 'cashier1', 'pwd', 'cash', 'DINE IN'),
(456, '500772555367', 1703, 1754.09, 1703, 2000, 0, 'jju', '2023-11-03 03:34:25', 'cashier1', 'none', 'cash', 'DINE IN'),
(457, '058952735798', 81, 83.43, 81, 100, 0, 'sdsd', '2023-11-03 03:35:08', 'cashier1', 'none', 'cash', 'DINE IN'),
(458, '033396311095', 279, 287.37, 279, 300, 0, 'mn', '2023-11-03 03:39:36', 'cashier1', 'none', 'cash', 'DINE IN'),
(459, '025070841853', 91, 93.73, 91, 100, 0, 'jhjkhj', '2023-11-03 03:40:06', 'cashier1', 'none', 'cash', 'DINE IN'),
(460, '099436602989', 410, 422.3, 410, 500, 0, 'ttttttttttt', '2023-11-03 03:40:48', 'cashier1', 'none', 'cash', 'DINE IN'),
(461, '528750708510', 200, 206, 200, 200, 0, 'mm', '2023-11-03 03:41:08', 'cashier1', 'none', 'cash', 'DINE IN'),
(462, '430243006219', 79, 81.37, 79, 100, 0, 'lk', '2023-11-03 03:41:54', 'cashier1', 'none', 'cash', 'DINE IN'),
(463, '785235653605', 69, 71.07, 69, 100, 0, 'hgh', '2023-11-03 03:43:10', 'cashier1', 'none', 'cash', 'DINE IN'),
(464, '917139117265', 1886, 1942.58, 1886, 2000, 0, 'haha', '2023-11-03 03:44:27', 'cashier1', 'none', 'cash', 'DINE IN'),
(465, '491546545808', 69, 71.07, 69, 100, 0, 'oi', '2023-11-03 03:44:41', 'cashier1', 'none', 'cash', 'DINE IN'),
(466, '508725672589', 69, 71.07, 69, 100, 0, 'po', '2023-11-03 03:46:40', 'cashier1', 'none', 'cash', 'DINE IN'),
(467, '061556747929', 291, 299.73, 291, 300, 0, 'DDD', '2023-11-03 03:54:27', 'cashier1', 'none', 'cash', 'DINE IN'),
(468, '818544983100', 79, 81.37, 79, 100, 0, 'DSD', '2023-11-03 03:54:45', 'cashier1', 'none', 'cash', 'DINE IN'),
(469, '303382052138', 69, 71.07, 69, 100, 0, 'DSD', '2023-11-03 03:54:54', 'cashier1', 'none', 'cash', 'DINE IN'),
(470, '232736694941', 69, 71.07, 69, 100, 0, 's', '2023-11-03 03:59:37', 'cashier1', 'none', 'cash', 'DINE IN'),
(471, '852709541956', 69, 71.07, 69, 100, 0, 'cc', '2023-11-03 04:05:22', 'cashier1', 'none', 'cash', 'DINE IN'),
(472, '922431554589', 279, 287.37, 279, 300, 0, 'dd', '2023-11-03 04:18:51', 'cashier1', 'none', 'cash', 'DINE IN'),
(473, '457933768160', 279, 287.37, 279, 300, 0, 'ss', '2023-11-03 04:26:36', 'cashier1', 'none', 'cash', 'DINE IN'),
(474, '726107733351', 279, 287.37, 279, 300, 0, 'ss', '2023-11-03 04:27:23', 'cashier1', 'none', 'cash', 'DINE IN'),
(475, '511511849170', 624, 642.72, 624, 700, 0, 'ddd', '2023-11-03 04:30:20', 'cashier1', 'none', 'cash', 'DINE IN'),
(476, '155951946684', 634, 653.02, 634, 700, 0, 'ddd', '2023-11-03 04:31:17', 'cashier1', 'none', 'cash', 'DINE IN'),
(477, '736015618175', 703, 724.09, 703, 705, 0, 'dds', '2023-11-03 04:32:09', 'cashier1', 'none', 'cash', 'DINE IN'),
(478, '233244447121', 501, 516.03, 501, 501, 0, 'dd', '2023-11-03 04:33:10', 'cashier1', 'none', 'cash', 'DINE IN'),
(479, '074391187252', 217, 223.51, 217, 220, 0, 'bv', '2023-11-03 04:34:11', 'cashier1', 'none', 'cash', 'DINE IN'),
(480, '580521859621', 207, 213.21, 207, 210, 0, 'ddd', '2023-11-03 04:35:02', 'cashier1', 'none', 'cash', 'DINE IN'),
(481, '178419027727', 217, 223.51, 217, 220, 0, 'ddgg', '2023-11-03 04:36:08', 'cashier1', 'none', 'cash', 'DINE IN'),
(482, '929439679000', 207, 213.21, 207, 210, 0, 'ddd', '2023-11-03 04:37:03', 'cashier1', 'none', 'cash', 'DINE IN'),
(483, '065511217242', 219, 225.57, 219, 220, 0, 'dd', '2023-11-03 04:37:41', 'cashier1', 'none', 'cash', 'DINE IN'),
(484, '354307922841', 207, 213.21, 207, 210, 0, 'hh', '2023-11-03 04:38:12', 'cashier1', 'none', 'cash', 'DINE IN'),
(485, '300850098126', 229, 235.87, 229, 230, 0, 'ddw', '2023-11-03 04:39:01', 'cashier1', 'none', 'cash', 'DINE IN'),
(486, '682026508890', 577, 594.31, 577, 600, 0, 'ff', '2023-11-03 04:40:14', 'cashier1', 'none', 'cash', 'DINE IN'),
(487, '107374518352', 279, 287.37, 279, 300, 0, 'dd', '2023-11-03 04:51:28', 'cashier1', 'none', 'cash', 'DINE IN'),
(488, '008700456520', 281, 289.43, 281, 300, 0, 'ff', '2023-11-03 04:51:54', 'cashier1', 'none', 'cash', 'DINE IN'),
(489, '411071823225', 1518, 1563.54, 1518, 2000, 0, 'ww', '2023-11-06 17:12:27', 'cashier1', 'none', 'cash', 'DINE IN'),
(490, '633299513951', 350, 360.5, 350, 500, 0, 's', '2023-11-06 17:32:36', 'cashier1', 'none', 'cash', 'DINE IN'),
(491, '309923353138', 1178, 1213.34, 942.4, 2000, 0, 'haha', '2023-11-06 21:28:32', 'cashier1', 'pwd', 'cash', 'DINE IN'),
(492, '122324716479', 574, 591.22, 574, 1000, 0, 'ub', '2023-11-06 21:29:59', 'cashier1', 'none', 'cash', 'DINE IN'),
(493, '558211362214', 574, 591.22, 574, 1000, 0, 'ub', '2023-11-06 21:29:59', 'cashier1', 'none', 'cash', 'DINE IN'),
(494, '110728191739', 850, 875.5, 850, 10, 0, 'j', '2023-11-06 21:30:50', 'cashier1', 'none', 'cash', 'DINE IN'),
(495, '652774896088', 850, 875.5, 850, 10, 0, 'j', '2023-11-06 21:30:51', 'cashier1', 'none', 'cash', 'DINE IN'),
(496, '889156558939', 81, 83.43, 81, 10, 0, '', '2023-11-06 21:33:24', 'cashier1', 'none', 'cash', 'DINE IN'),
(497, '269492950677', 79, 81.37, 79, 10, 0, '', '2023-11-06 21:35:58', 'cashier1', 'none', 'cash', 'DINE IN'),
(498, '407184685899', 79, 81.37, 79, 10, 0, '', '2023-11-06 21:35:58', 'cashier1', 'none', 'cash', 'DINE IN'),
(499, '875626546253', 79, 81.37, 79, 10, 0, '', '2023-11-06 21:35:58', 'cashier1', 'none', 'cash', 'DINE IN'),
(500, '475889748243', 79, 81.37, 79, 10, 0, '', '2023-11-06 21:35:58', 'cashier1', 'none', 'cash', 'DINE IN'),
(501, '577776998378', 200, 206, 200, 20, 0, '', '2023-11-06 21:38:13', 'cashier1', 'none', 'cash', 'DINE IN'),
(502, '880608335284', 69, 71.07, 69, 10, 0, '', '2023-11-06 21:43:52', 'cashier1', 'none', 'cash', 'DINE IN'),
(503, '466374684401', 120, 123.6, 120, 200, 0, 'jus', '2023-11-07 02:29:03', 'cashier1', 'none', 'cash', 'DINE IN'),
(504, '865704411894', 120, 123.6, 120, 120, 0, 'dd', '2023-11-07 02:37:26', 'staff', 'none', 'gcash', 'TAKEOUT'),
(505, '211816670134', 240, 247.2, 240, 500, 0, 'Marco Jose', '2023-11-07 02:39:13', 'staff', 'none', 'cash', 'DINE IN'),
(506, '441548288876', 120, 123.6, 96, 120, 0, 'Jose', '2023-11-07 02:40:25', 'staff', 'senior', 'cash', 'TAKEOUT'),
(507, '946506050357', 120, 123.6, 120, 120, 0, 'chariz', '2023-11-07 04:43:00', 'staff', 'none', 'cash', 'DINE IN'),
(508, '073354581338', 900, 927, 900, 1000, 0, 'hakdog', '2023-11-10 00:05:24', 'staff', 'none', 'cash', 'DINE IN'),
(509, '502791431430', 900, 927, 900, 1000, 0, 'hakdog', '2023-11-10 00:05:24', 'staff', 'none', 'cash', 'DINE IN'),
(510, '628589239115', 120, 123.6, 120, 200, 0, 'mm', '2023-11-10 19:11:23', 'cashier1', 'none', 'cash', 'DINE IN'),
(511, '959079599161', 120, 123.6, 114, 200, 0, 'dd', '2023-11-11 00:33:58', 'cashier1', 'loyalty', 'cash', 'DINE IN'),
(512, '994367763962', 140, 144.2, 133, 150, 0, 'marcs', '2023-11-14 12:09:19', 'cashier1', 'loyalty', 'cash', 'DINE IN'),
(513, '521557067613', 1, 1.03, 1, 10, 0, 'critical', '2023-11-14 12:37:03', 'cashier1', 'none', 'cash', 'DINE IN'),
(514, '324791062106', 20, 20.6, 20, 50, 0, 'low', '2023-11-14 13:00:33', 'cashier1', 'none', 'cash', 'DINE IN'),
(515, '484084451999', 60, 61.8, 60, 100, 0, 'test', '2023-11-14 13:09:20', 'cashier1', 'none', 'cash', 'DINE IN'),
(516, '918461122741', 140, 144.2, 140, 200, 0, 'mm', '2023-11-14 22:23:02', 'cashier1', 'none', 'cash', 'DINE IN'),
(517, '532715053019', 140, 144.2, 140, 200, 0, 'mnm', '2023-11-14 22:24:55', 'cashier1', 'none', 'cash', 'DINE IN'),
(518, '633896883648', 140, 144.2, 140, 200, 0, 's', '2023-11-14 22:28:44', 'cashier1', 'none', 'cash', 'DINE IN'),
(519, '171856866093', 140, 144.2, 140, 200, 0, 'a', '2023-11-14 22:29:26', 'cashier1', 'none', 'cash', 'DINE IN'),
(520, '090238810133', 120, 123.6, 120, 200, 0, 'dsd', '2023-11-14 22:29:54', 'cashier1', 'none', 'cash', 'DINE IN'),
(521, '542022349068', 140, 144.2, 140, 200, 0, 'a', '2023-11-14 22:30:48', 'cashier1', 'none', 'cash', 'DINE IN'),
(522, '072805712324', 140, 144.2, 140, 200, 0, 's', '2023-11-14 22:32:34', 'cashier1', 'none', 'cash', 'DINE IN'),
(523, '448756690906', 1, 1.03, 1, 10, 0, 'sss', '2023-11-14 22:33:22', 'cashier1', 'none', 'cash', 'DINE IN'),
(524, '740852276332', 20, 20.6, 20, 50, 0, 'vv', '2023-11-14 22:34:01', 'cashier1', 'none', 'cash', 'DINE IN'),
(525, '429207547508', 1, 1.03, 1, 10, 0, 'cc', '2023-11-14 22:35:53', 'cashier1', 'none', 'cash', 'DINE IN'),
(526, '442675700639', 1, 1.03, 1, 10, 0, 'hbhj', '2023-11-14 22:38:24', 'cashier1', 'none', 'cash', 'DINE IN'),
(527, '065543930082', 140, 144.2, 140, 200, 0, 'ha', '2023-11-14 22:38:54', 'cashier1', 'none', 'cash', 'DINE IN'),
(528, '198321277100', 101, 104.03, 101, 101, 0, 'f', '2023-11-14 22:41:46', 'cashier1', 'none', 'cash', 'DINE IN'),
(529, '777568850659', 120, 123.6, 120, 150, 0, 'hj', '2023-11-14 22:42:19', 'cashier1', 'none', 'cash', 'DINE IN'),
(530, '033629302217', 140, 144.2, 140, 400, 0, 'sf', '2023-11-14 22:45:00', 'cashier1', 'none', 'cash', 'DINE IN'),
(531, '869672687602', 140, 144.2, 140, 150, 0, 'hchj', '2023-11-14 22:47:35', 'cashier1', 'none', 'cash', 'DINE IN'),
(532, '870307312493', 140, 144.2, 140, 150, 0, 'wef', '2023-11-14 22:50:45', 'cashier1', 'none', 'cash', 'DINE IN'),
(533, '778931013968', 140, 144.2, 140, 200, 0, 'aaa', '2023-11-14 22:51:21', 'cashier1', 'none', 'cash', 'DINE IN'),
(534, '951879897642', 140, 144.2, 140, 200, 0, 'ocram', '2023-11-14 23:00:01', 'cashier1', 'none', 'cash', 'DINE IN'),
(535, '270474030231', 120, 123.6, 120, 200, 0, 'ss', '2023-11-14 23:01:50', 'cashier1', 'none', 'cash', 'DINE IN'),
(536, '008858967187', 140, 144.2, 140, 200, 0, 'ssjnkjnkh nbb', '2023-11-14 23:03:00', 'cashier1', 'none', 'cash', 'DINE IN'),
(537, '300748686156', 20, 20.6, 20, 50, 0, 'kkkkkkk', '2023-11-14 23:03:46', 'cashier1', 'none', 'cash', 'DINE IN'),
(538, '834607471408', 20, 20.6, 20, 50, 0, 'mamaama', '2023-11-14 23:05:00', 'cashier1', 'none', 'cash', 'DINE IN'),
(539, '258113547405', 140, 144.2, 140, 200, 0, 'mnm', '2023-11-15 01:13:52', 'cashier1', 'none', 'cash', 'DINE IN'),
(540, '946882208131', 311, 320.33, 311, 400, 0, 'sss', '2023-11-15 04:14:57', 'cashier1', 'none', 'cash', 'DINE IN'),
(541, '860096898892', 430, 442.9, 430, 500, 0, 'hays', '2023-11-15 05:41:27', 'cashier1', 'none', 'cash', 'DINE IN'),
(542, '469250420990', 290, 298.7, 290, 300, 0, 'hays', '2023-11-15 05:43:18', 'cashier1', 'none', 'cash', 'DINE IN'),
(543, '919277617652', 290, 298.7, 290, 500, 0, 'geng', '2023-11-15 05:46:02', 'cashier1', 'none', 'cash', 'DINE IN'),
(544, '180009178410', 150, 154.5, 150, 200, 0, 's', '2023-11-15 05:52:13', 'cashier1', 'none', 'cash', 'DINE IN'),
(545, '476254763303', 290, 298.7, 290, 300, 0, 'gg', '2023-11-15 06:03:41', 'cashier1', 'none', 'cash', 'DINE IN'),
(546, '126532438308', 160, 164.8, 160, 500, 0, 'gg', '2023-11-15 06:04:05', 'cashier1', 'none', 'cash', 'DINE IN'),
(547, '532227518068', 150, 154.5, 150, 200, 0, 'gg', '2023-11-15 06:06:19', 'cashier1', 'none', 'cash', 'DINE IN'),
(548, '318334465584', 150, 154.5, 150, 200, 0, 'dd', '2023-11-15 06:07:32', 'cashier1', 'none', 'cash', 'DINE IN'),
(549, '102567125393', 150, 154.5, 150, 200, 0, 'dd', '2023-11-15 06:08:22', 'cashier1', 'none', 'cash', 'DINE IN'),
(550, '072962952684', 150, 154.5, 150, 200, 0, 'gg', '2023-11-15 06:12:09', 'cashier1', 'none', 'cash', 'DINE IN'),
(551, '267324409835', 150, 154.5, 150, 200, 0, 'ss', '2023-11-15 06:13:08', 'cashier1', 'none', 'cash', 'DINE IN'),
(552, '895624474502', 150, 154.5, 150, 200, 0, 'ss', '2023-11-15 06:13:38', 'cashier1', 'none', 'cash', 'DINE IN'),
(553, '348843240702', 150, 154.5, 150, 200, 0, 'ss', '2023-11-15 06:15:51', 'cashier1', 'none', 'cash', 'DINE IN'),
(554, '953335044037', 150, 154.5, 150, 200, 0, 'ss', '2023-11-15 06:16:39', 'cashier1', 'none', 'cash', 'DINE IN'),
(555, '393274265240', 150, 154.5, 150, 200, 0, 'ss', '2023-11-15 06:21:11', 'cashier1', 'none', 'cash', 'DINE IN'),
(556, '828684952203', 150, 154.5, 150, 200, 0, 's', '2023-11-15 06:23:13', 'cashier1', 'none', 'cash', 'DINE IN'),
(557, '408886065688', 150, 154.5, 150, 200, 0, 'ss', '2023-11-15 06:27:31', 'cashier1', 'none', 'cash', 'DINE IN'),
(558, '643817543874', 150, 154.5, 150, 200, 0, 'ssa', '2023-11-15 06:35:46', 'cashier1', 'none', 'cash', 'DINE IN'),
(559, '510221074554', 150, 154.5, 150, 200, 0, 's', '2023-11-15 06:39:46', 'cashier1', 'none', 'cash', 'DINE IN'),
(560, '426574138499', 150, 154.5, 150, 200, 0, 'xx', '2023-11-15 06:40:49', 'cashier1', 'none', 'cash', 'DINE IN'),
(561, '049700063176', 150, 154.5, 150, 200, 0, 'cvcv', '2023-11-15 06:43:49', 'cashier1', 'none', 'cash', 'DINE IN'),
(562, '599226306300', 150, 154.5, 150, 200, 0, 'sdsd', '2023-11-15 06:47:43', 'cashier1', 'none', 'cash', 'DINE IN'),
(563, '777452441549', 150, 154.5, 150, 200, 0, 'jhjh', '2023-11-15 06:49:25', 'cashier1', 'none', 'cash', 'DINE IN'),
(564, '975555944650', 150, 154.5, 150, 200, 0, 'ss', '2023-11-15 06:50:02', 'cashier1', 'none', 'cash', 'DINE IN'),
(565, '069969350512', 150, 154.5, 150, 1000, 0, 'sss', '2023-11-15 06:53:09', 'cashier1', 'none', 'cash', 'DINE IN'),
(566, '475985605822', 150, 154.5, 150, 200, 0, 'ss', '2023-11-15 06:57:21', 'cashier1', 'none', 'cash', 'DINE IN'),
(567, '263786914967', 150, 154.5, 150, 1000, 0, 'cc', '2023-11-15 06:59:30', 'cashier1', 'none', 'cash', 'DINE IN'),
(568, '326597076624', 150, 154.5, 150, 200, 0, 'vv', '2023-11-15 07:02:32', 'cashier1', 'none', 'cash', 'DINE IN'),
(569, '104140737091', 0, 0, 0, 0, 0, '', '2023-11-15 07:02:35', '', '', 'gcash', 'TAKEOUT'),
(570, '325963449143', 150, 154.5, 150, 200, 0, 'ccv', '2023-11-15 07:05:05', 'cashier1', 'none', 'cash', 'DINE IN'),
(571, '377890621694', 150, 154.5, 150, 200, 0, 'ss', '2023-11-15 07:09:22', 'cashier1', 'none', 'cash', 'DINE IN'),
(572, '799392089552', 150, 154.5, 150, 200, 0, 'ssd', '2023-11-15 07:11:58', 'cashier1', 'none', 'cash', 'DINE IN'),
(573, '610968687751', 150, 154.5, 150, 200, 0, 'ss', '2023-11-15 07:12:45', 'cashier1', 'none', 'cash', 'DINE IN'),
(574, '185712046505', 291, 299.73, 291, 500, 0, 'wew', '2023-11-15 07:14:22', 'cashier1', 'none', 'cash', 'DINE IN'),
(575, '886972465628', 161, 165.83, 161, 200, 0, 'gh', '2023-11-15 07:15:13', 'cashier1', 'none', 'cash', 'DINE IN'),
(576, '067144620374', 150, 154.5, 150, 200, 0, 'vv', '2023-11-15 07:20:34', 'cashier1', 'none', 'cash', 'DINE IN'),
(577, '732106280845', 150, 154.5, 150, 200, 0, 'dfd', '2023-11-15 07:26:59', 'cashier1', 'none', 'cash', 'DINE IN'),
(578, '949193249432', 150, 154.5, 150, 299, 0, 'ss', '2023-11-15 22:41:01', 'cashier1', 'none', 'cash', 'DINE IN'),
(579, '167986170711', 150, 154.5, 150, 200, 0, 'sd', '2023-11-15 22:49:16', 'cashier1', 'none', 'cash', 'DINE IN'),
(580, '613651221864', 150, 154.5, 150, 200, 0, 'dd', '2023-11-15 22:50:45', 'cashier1', 'none', 'cash', 'DINE IN'),
(581, '517907105687', 150, 154.5, 150, 0, 0, 'ssds', '2023-11-15 22:53:50', 'cashier1', 'none', 'cash', 'DINE IN'),
(582, '818563522398', 150, 154.5, 150, 200, 0, 'sdxx', '2023-11-15 23:00:53', 'cashier1', 'none', 'cash', 'DINE IN'),
(583, '835410557873', 150, 154.5, 150, 200, 0, 'ssd', '2023-11-15 23:08:01', 'cashier1', 'none', 'cash', 'DINE IN'),
(584, '841919327484', 110, 113.3, 110, 200, 0, 'dsds', '2023-11-15 23:23:43', 'cashier1', 'none', 'cash', 'DINE IN'),
(585, '193813813759', 150, 154.5, 150, 500, 0, 'bb', '2023-11-15 23:27:10', 'cashier1', 'none', 'cash', 'DINE IN'),
(586, '539780809515', 0, 0, 0, 0, 0, '', '2023-11-15 23:27:16', '', '', 'gcash', 'TAKEOUT'),
(587, '831849872360', 290, 298.7, 290, 400, 0, 'dsds', '2023-11-15 23:40:17', 'cashier1', 'none', 'cash', 'DINE IN'),
(588, '565159554744', 20, 20.6, 20, 400, 0, 'sds', '2023-11-15 23:42:30', 'cashier1', 'none', 'cash', 'DINE IN'),
(589, '644635010298', 140, 144.2, 140, 200, 0, 'sds', '2023-11-15 23:43:35', 'cashier1', 'none', 'cash', 'DINE IN'),
(590, '068740023486', 150, 154.5, 150, 500, 0, 'sds', '2023-11-15 23:44:08', 'cashier1', 'none', 'cash', 'DINE IN'),
(591, '455941157488', 150, 154.5, 150, 500, 0, 'sds', '2023-11-15 23:48:47', 'cashier1', 'none', 'cash', 'DINE IN'),
(592, '757179932251', 400, 412, 400, 500, 0, 'sss', '2023-11-16 00:08:26', 'cashier1', 'none', 'cash', 'DINE IN'),
(593, '135179191593', 281, 289.43, 281, 500, 0, 'sds', '2023-11-16 00:11:04', 'cashier1', 'none', 'cash', 'DINE IN'),
(594, '907344895403', 281, 289.43, 281, 600, 0, 'sdsdsd', '2023-11-16 00:14:32', 'cashier1', 'none', 'cash', 'DINE IN'),
(595, '470947000297', 281, 289.43, 281, 400, 0, 'sds', '2023-11-16 00:24:22', 'cashier1', 'none', 'cash', 'DINE IN'),
(596, '313011183071', 431, 443.93, 431, 500, 0, 'ff', '2023-11-16 00:28:57', 'cashier1', 'none', 'cash', 'DINE IN'),
(597, '720455070269', 291, 299.73, 291, 599, 0, 'vvv', '2023-11-16 00:30:03', 'cashier1', 'none', 'cash', 'DINE IN'),
(598, '691565195689', 181, 186.43, 181, 400, 0, 'sds', '2023-11-16 00:33:00', 'cashier1', 'none', 'cash', 'DINE IN'),
(599, '318824501571', 410, 422.3, 410, 500, 0, 'sdsd', '2023-11-16 00:36:31', 'cashier1', 'none', 'cash', 'DINE IN'),
(600, '863755394932', 301, 310.03, 301, 500, 0, 'sdsss', '2023-11-16 00:42:06', 'cashier1', 'none', 'cash', 'DINE IN'),
(601, '798701523248', 150, 154.5, 150, 500, 0, 'sds', '2023-11-16 00:42:56', 'cashier1', 'none', 'cash', 'DINE IN'),
(602, '502588422476', 291, 299.73, 291, 300, 0, 'sd', '2023-11-16 00:46:21', 'cashier1', 'none', 'cash', 'DINE IN'),
(603, '913661433988', 300, 309, 300, 500, 0, 'sds', '2023-11-16 00:50:25', 'cashier1', 'none', 'cash', 'DINE IN'),
(604, '532867947070', 160, 164.8, 160, 200, 0, 'sds', '2023-11-16 00:51:06', 'cashier1', 'none', 'cash', 'DINE IN'),
(605, '945942203980', 291, 299.73, 291, 500, 0, 'sds', '2023-11-16 00:52:05', 'cashier1', 'none', 'cash', 'DINE IN'),
(606, '030100981938', 431, 443.93, 431, 500, 0, 'charot', '2023-11-16 00:56:09', 'cashier1', 'none', 'cash', 'DINE IN'),
(607, '325659524283', 550, 566.5, 522.5, 1000, 0, 'chariz', '2023-11-16 00:57:48', 'cashier1', 'loyalty', 'cash', 'DINE IN'),
(608, '958886804475', 150, 154.5, 150, 200, 0, 'ww', '2023-11-16 01:02:04', 'cashier1', 'none', 'cash', 'DINE IN'),
(609, '712493944327', 321, 330.63, 321, 500, 0, 'rr', '2023-11-16 01:02:43', 'cashier1', 'none', 'cash', 'DINE IN'),
(610, '904567543309', 311, 320.33, 311, 500, 0, 'hi', '2023-11-16 01:04:37', 'cashier1', 'none', 'cash', 'DINE IN'),
(611, '724492998137', 150, 154.5, 150, 200, 0, 'aa', '2023-11-16 01:05:56', 'cashier1', 'none', 'cash', 'DINE IN'),
(612, '799591416261', 160, 164.8, 160, 200, 0, 'aa', '2023-11-16 09:12:03', 'cashier1', 'none', 'cash', 'DINE IN'),
(613, '555676342677', 410, 422.3, 328, 500, 0, 'hi', '2023-11-16 09:17:14', 'cashier1', 'senior', 'cash', 'DINE IN'),
(614, '441631089382', 400, 412, 400, 500, 0, 'hey', '2023-11-16 09:19:28', 'cashier1', 'none', 'cash', 'DINE IN'),
(615, '094606512746', 260, 267.8, 208, 500, 0, 'Nicole', '2023-11-16 14:17:19', 'staff', 'pwd', 'cash', 'DINE IN'),
(616, '053587640834', 250, 257.5, 250, 300, 0, 'Jus', '2023-11-16 14:17:49', 'staff', 'none', 'cash', 'DINE IN'),
(617, '295901442894', 200, 206, 200, 500, 0, 'Hanna', '2023-11-16 14:18:58', 'staff', 'none', 'cash', 'DINE IN'),
(618, '700116532682', 100, 103, 95, 100, 0, 'Maria', '2023-11-16 14:19:18', 'staff', 'loyalty', 'cash', 'DINE IN'),
(619, '870888427002', 90, 92.7, 72, 100, 0, 'Justine ', '2023-11-16 14:20:06', 'staff', 'pwd', 'cash', 'TAKEOUT'),
(620, '031111647904', 100, 103, 80, 100, 0, 'Jaja', '2023-11-16 14:21:06', 'staff', 'pwd', 'cash', 'DINE IN'),
(621, '257927892464', 195, 200.85, 195, 200, 0, 'Jay', '2023-11-16 14:21:21', 'staff', 'none', 'cash', 'DINE IN'),
(622, '972133656655', 95, 97.85, 76, 100, 0, 'Gigi', '2023-11-16 14:21:38', 'staff', 'pwd', 'gcash', 'DINE IN'),
(623, '116565911474', 285, 293.55, 285, 300, 0, 'Marco', '2023-11-16 14:21:48', 'staff', 'none', 'cash', 'DINE IN'),
(624, '170607359770', 155, 159.65, 124, 200, 0, 'Marco', '2023-11-16 14:22:01', 'staff', 'pwd', 'cash', 'DINE IN'),
(625, '618007529312', 160, 164.8, 160, 200, 0, 'Jeys', '2023-11-16 14:22:07', 'staff', 'none', 'cash', 'DINE IN'),
(626, '719694159659', 75, 77.25, 60, 100, 0, 'Ivan', '2023-11-16 14:22:18', 'staff', 'senior', 'cash', 'DINE IN'),
(627, '726705775970', 190, 195.7, 190, 200, 0, 'Jugs', '2023-11-16 14:22:30', 'staff', 'none', 'cash', 'DINE IN'),
(628, '331143881302', 145, 149.35, 145, 200, 0, 'Pj', '2023-11-16 14:24:29', 'admin', 'none', 'cash', 'DINE IN'),
(629, '562367104110', 225, 231.75, 180, 790, 0, 'jk', '2023-11-16 18:32:39', 'cashier1', 'pwd', 'gcash', 'DINE IN'),
(630, '042057920892', 365, 375.95, 365, 365, 0, 'Julie', '2023-11-16 18:36:29', 'cashier1', 'none', 'gcash', 'DINE IN');

-- --------------------------------------------------------

--
-- Table structure for table `order_items`
--

CREATE TABLE `order_items` (
  `id` int(30) NOT NULL,
  `order_id` int(30) NOT NULL,
  `product_id` int(30) NOT NULL,
  `qty` int(30) NOT NULL,
  `price` float NOT NULL,
  `amount` float NOT NULL
) ENGINE=InnoDB DEFAULT CHARSET=utf8mb4 COLLATE=utf8mb4_general_ci;

--
-- Dumping data for table `order_items`
--

INSERT INTO `order_items` (`id`, `order_id`, `product_id`, `qty`, `price`, `amount`) VALUES
(130, 113, 115, 1, 75, 75),
(131, 114, 117, 1, 85, 85),
(132, 114, 119, 1, 95, 95),
(133, 115, 116, 3, 50, 150),
(134, 116, 119, 1, 95, 95),
(135, 116, 117, 1, 85, 85),
(136, 116, 118, 1, 100, 100),
(137, 116, 115, 1, 75, 75),
(138, 116, 116, 1, 50, 50),
(139, 117, 118, 1, 100, 100),
(140, 117, 116, 1, 50, 50),
(141, 117, 115, 1, 75, 75),
(142, 118, 120, 4, 100, 400),
(143, 119, 121, 2, 65, 130),
(144, 119, 116, 1, 50, 50),
(145, 119, 118, 1, 100, 100),
(146, 119, 120, 1, 100, 100),
(147, 119, 117, 1, 85, 85),
(148, 119, 115, 1, 75, 75),
(149, 119, 119, 1, 95, 95),
(150, 120, 115, 1, 75, 75),
(151, 120, 117, 1, 85, 85),
(152, 121, 121, 1, 65, 65),
(153, 121, 116, 1, 50, 50),
(154, 121, 120, 1, 100, 100),
(155, 121, 118, 1, 100, 100),
(156, 122, 116, 15, 50, 750),
(157, 123, 120, 1, 100, 100),
(158, 123, 115, 2, 75, 150),
(159, 124, 120, 1, 100, 100),
(160, 124, 115, 1, 75, 75),
(161, 124, 119, 1, 95, 95),
(162, 124, 117, 1, 85, 85),
(163, 124, 121, 1, 65, 65),
(164, 124, 116, 2, 50, 100),
(165, 124, 118, 1, 100, 100),
(166, 125, 120, 1, 100, 100),
(167, 125, 118, 1, 100, 100),
(168, 126, 118, 2, 100, 200),
(169, 126, 116, 1, 50, 50),
(170, 127, 122, 4, 95, 380),
(171, 128, 122, 3, 95, 285),
(172, 129, 122, 1, 95, 95),
(173, 130, 118, 2, 100, 200),
(174, 131, 122, 1, 95, 95),
(175, 132, 119, 8, 95, 760),
(176, 132, 117, 5, 85, 425),
(177, 133, 120, 2, 100, 200),
(178, 134, 120, 2, 100, 200),
(179, 135, 120, 5, 100, 500),
(180, 136, 120, 5, 100, 500),
(181, 137, 115, 3, 75, 225),
(182, 138, 115, 4, 75, 300),
(183, 139, 115, 4, 75, 300),
(184, 140, 115, 2, 75, 150),
(185, 141, 115, 4, 75, 300),
(186, 142, 115, 1, 75, 75),
(187, 143, 115, 1, 75, 75),
(188, 144, 124, 8, 100, 800),
(189, 145, 124, 8, 100, 800),
(190, 146, 124, 3, 100, 300),
(191, 147, 124, 3, 100, 300),
(192, 148, 124, 1, 100, 100),
(193, 149, 125, 1, 100, 100),
(194, 150, 123, 4, 100, 400),
(195, 150, 124, 1, 100, 100),
(196, 150, 116, 2, 50, 100),
(197, 150, 125, 1, 100, 100),
(198, 150, 115, 3, 75, 225),
(199, 150, 120, 2, 100, 200),
(200, 151, 118, 1, 100, 100),
(201, 151, 123, 1, 100, 100),
(202, 152, 118, 1, 100, 100),
(203, 153, 118, 1, 100, 100),
(204, 154, 118, 1, 100, 100),
(205, 155, 118, 1, 100, 100),
(206, 156, 124, 9, 100, 900),
(207, 156, 123, 3, 100, 300),
(208, 157, 118, 1, 100, 100),
(209, 158, 118, 3, 100, 300),
(210, 159, 118, 3, 100, 300),
(211, 160, 118, 1, 100, 100),
(212, 161, 118, 1, 100, 100),
(213, 162, 122, 1, 95, 95),
(214, 163, 121, 1, 65, 65),
(215, 164, 118, 1, 100, 100),
(216, 165, 122, 1, 95, 95),
(217, 166, 126, 1, 120, 120),
(218, 167, 121, 1, 65, 65),
(219, 168, 124, 1, 100, 100),
(220, 169, 118, 3, 100, 300),
(221, 170, 118, 1, 100, 100),
(222, 170, 120, 1, 100, 100),
(223, 171, 121, 1, 65, 65),
(224, 172, 119, 1, 95, 95),
(225, 173, 117, 1, 85, 85),
(226, 174, 118, 2, 100, 200),
(227, 175, 118, 1, 100, 100),
(228, 176, 118, 1, 100, 100),
(229, 177, 121, 4, 65, 260),
(230, 178, 118, 4, 100, 400),
(231, 179, 121, 1, 65, 65),
(232, 180, 121, 3, 65, 195),
(233, 181, 118, 1, 100, 100),
(234, 182, 121, 1, 65, 65),
(235, 183, 118, 1, 100, 100),
(236, 184, 119, 1, 95, 95),
(237, 185, 118, 1, 100, 100),
(238, 186, 120, 1, 100, 100),
(239, 187, 118, 2, 100, 200),
(240, 188, 122, 1, 95, 95),
(241, 189, 129, 1, 11111, 11111),
(242, 189, 117, 1, 85, 85),
(243, 190, 119, 1, 95, 95),
(244, 190, 117, 1, 85, 85),
(245, 190, 118, 1, 100, 100),
(246, 191, 119, 1, 95, 95),
(247, 192, 122, 1, 95, 95),
(248, 193, 118, 2, 100, 200),
(249, 194, 120, 1, 100, 100),
(250, 194, 118, 1, 100, 100),
(251, 195, 121, 1, 65, 65),
(252, 196, 118, 1, 100, 100),
(253, 197, 118, 1, 100, 100),
(254, 198, 118, 1, 100, 100),
(255, 199, 118, 1, 100, 100),
(256, 200, 118, 1, 100, 100),
(257, 201, 118, 1, 100, 100),
(258, 202, 121, 1, 65, 65),
(259, 203, 118, 1, 100, 100),
(260, 204, 118, 1, 100, 100),
(261, 205, 121, 1, 65, 65),
(262, 206, 120, 1, 100, 100),
(263, 207, 120, 1, 100, 100),
(264, 208, 119, 1, 95, 95),
(265, 209, 120, 1, 100, 100),
(266, 210, 121, 1, 65, 65),
(267, 211, 121, 1, 65, 65),
(268, 212, 118, 1, 100, 100),
(269, 213, 118, 1, 100, 100),
(270, 214, 121, 1, 65, 65),
(271, 215, 118, 1, 100, 100),
(272, 216, 121, 1, 65, 65),
(273, 217, 121, 1, 65, 65),
(274, 218, 122, 1, 95, 95),
(275, 219, 121, 1, 65, 65),
(276, 220, 121, 1, 65, 65),
(277, 221, 121, 1, 65, 65),
(278, 222, 121, 1, 65, 65),
(279, 223, 118, 1, 100, 100),
(280, 224, 122, 1, 95, 95),
(281, 225, 121, 1, 65, 65),
(282, 226, 118, 1, 100, 100),
(283, 227, 120, 1, 100, 100),
(284, 228, 121, 1, 65, 65),
(285, 229, 118, 1, 100, 100),
(286, 230, 118, 1, 100, 100),
(287, 231, 118, 1, 100, 100),
(288, 232, 118, 1, 100, 100),
(289, 233, 118, 1, 100, 100),
(290, 234, 118, 2, 100, 200),
(291, 235, 118, 1, 100, 100),
(292, 236, 118, 1, 100, 100),
(293, 237, 118, 1, 100, 100),
(294, 238, 117, 1, 85, 85),
(295, 239, 118, 1, 100, 100),
(296, 240, 121, 1, 65, 65),
(297, 241, 118, 1, 100, 100),
(298, 242, 118, 1, 100, 100),
(299, 243, 121, 1, 65, 65),
(300, 244, 118, 1, 100, 100),
(301, 245, 120, 1, 100, 100),
(302, 246, 118, 1, 100, 100),
(303, 247, 118, 1, 100, 100),
(304, 248, 117, 1, 85, 85),
(305, 249, 118, 1, 100, 100),
(306, 250, 118, 2, 100, 200),
(307, 251, 118, 1, 100, 100),
(308, 252, 118, 1, 100, 100),
(309, 253, 118, 1, 100, 100),
(310, 254, 118, 1, 100, 100),
(311, 255, 118, 1, 100, 100),
(312, 256, 118, 1, 100, 100),
(313, 257, 118, 1, 100, 100),
(314, 258, 121, 1, 65, 65),
(315, 259, 118, 1, 100, 100),
(316, 260, 118, 1, 100, 100),
(317, 261, 121, 1, 65, 65),
(318, 262, 121, 1, 65, 65),
(319, 263, 118, 1, 100, 100),
(320, 264, 120, 1, 100, 100),
(321, 264, 121, 1, 65, 65),
(322, 264, 119, 1, 95, 95),
(323, 265, 118, 1, 100, 100),
(324, 265, 121, 1, 65, 65),
(325, 266, 118, 1, 100, 100),
(326, 267, 121, 1, 65, 65),
(327, 268, 121, 1, 65, 65),
(328, 269, 118, 1, 100, 100),
(329, 270, 118, 1, 100, 100),
(330, 271, 118, 2, 100, 200),
(331, 272, 118, 1, 100, 100),
(332, 273, 118, 1, 100, 100),
(333, 274, 121, 1, 65, 65),
(334, 275, 120, 1, 100, 100),
(335, 276, 118, 1, 100, 100),
(336, 277, 120, 1, 100, 100),
(337, 278, 120, 1, 100, 100),
(338, 279, 118, 1, 100, 100),
(339, 280, 118, 7, 100, 700),
(340, 280, 120, 3, 100, 300),
(341, 281, 118, 1, 100, 100),
(342, 282, 118, 1, 100, 100),
(343, 283, 118, 1, 100, 100),
(344, 284, 118, 1, 100, 100),
(345, 284, 120, 1, 100, 100),
(346, 285, 118, 1, 100, 100),
(347, 285, 120, 1, 100, 100),
(348, 286, 129, 1, 11111, 11111),
(349, 287, 122, 1, 95, 95),
(350, 288, 118, 1, 100, 100),
(351, 289, 119, 1, 95, 95),
(352, 290, 119, 1, 95, 95),
(353, 291, 118, 1, 100, 100),
(354, 292, 119, 1, 95, 95),
(355, 293, 120, 1, 100, 100),
(356, 294, 120, 1, 100, 100),
(357, 295, 120, 1, 100, 100),
(358, 296, 120, 1, 100, 100),
(359, 297, 120, 1, 100, 100),
(360, 298, 118, 1, 100, 100),
(361, 299, 129, 1, 11111, 11111),
(362, 300, 119, 1, 95, 95),
(363, 301, 120, 1, 100, 100),
(364, 302, 120, 1, 100, 100),
(365, 303, 120, 1, 100, 100),
(366, 304, 129, 1, 11111, 11111),
(367, 305, 121, 1, 65, 65),
(368, 306, 120, 1, 100, 100),
(369, 307, 145, 2, 90, 180),
(370, 308, 146, 2, 200, 400),
(371, 309, 144, 1, 90, 90),
(372, 310, 122, 1, 95, 95),
(373, 311, 132, 1, 200, 200),
(374, 312, 132, 1, 200, 200),
(375, 313, 132, 1, 200, 200),
(376, 313, 133, 1, 222, 222),
(377, 314, 147, 1, 109, 109),
(378, 1, 140, 1, 222, 222),
(379, 2, 132, 1, 200, 200),
(380, 3, 133, 1, 222, 222),
(381, 4, 147, 1, 109, 109),
(382, 321, 132, 1, 200, 200),
(383, 322, 133, 1, 222, 222),
(384, 323, 129, 1, 11111, 11111),
(385, 324, 140, 1, 222, 222),
(386, 325, 132, 1, 200, 200),
(387, 326, 133, 1, 222, 222),
(388, 327, 133, 1, 222, 222),
(389, 328, 133, 1, 222, 222),
(390, 329, 133, 1, 222, 222),
(391, 330, 133, 1, 222, 222),
(392, 331, 140, 1, 222, 222),
(393, 332, 133, 1, 222, 222),
(394, 333, 122, 1, 195, 195),
(395, 334, 133, 1, 222, 222),
(396, 335, 133, 1, 222, 222),
(397, 336, 147, 1, 109, 109),
(398, 337, 122, 1, 195, 195),
(399, 337, 147, 1, 109, 109),
(400, 338, 132, 1, 200, 200),
(401, 339, 132, 1, 200, 200),
(402, 340, 133, 1, 222, 222),
(403, 341, 133, 5, 222, 1110),
(404, 342, 132, 1, 200, 200),
(405, 343, 133, 1, 222, 222),
(406, 344, 133, 1, 222, 222),
(407, 344, 132, 1, 200, 200),
(408, 345, 132, 2, 200, 400),
(409, 346, 140, 1, 222, 222),
(410, 347, 133, 7, 222, 1554),
(411, 348, 140, 1, 222, 222),
(412, 349, 133, 1, 222, 222),
(413, 350, 133, 1, 222, 222),
(414, 351, 133, 1, 222, 222),
(415, 352, 132, 1, 200, 200),
(416, 353, 133, 1, 222, 222),
(417, 354, 133, 1, 222, 222),
(418, 355, 133, 1, 222, 222),
(419, 356, 140, 1, 222, 222),
(420, 357, 133, 4, 222, 888),
(421, 358, 133, 1, 222, 222),
(422, 358, 132, 1, 200, 200),
(423, 359, 132, 1, 200, 200),
(424, 360, 140, 1, 222, 222),
(425, 361, 140, 1, 222, 222),
(426, 362, 132, 1, 200, 200),
(427, 363, 133, 1, 222, 222),
(428, 364, 132, 1, 200, 200),
(429, 365, 132, 1, 200, 200),
(430, 366, 133, 1, 222, 222),
(431, 367, 147, 1, 109, 109),
(432, 368, 132, 1, 200, 200),
(433, 369, 133, 1, 222, 222),
(434, 370, 132, 1, 200, 200),
(435, 371, 133, 1, 222, 222),
(436, 372, 133, 1, 222, 222),
(437, 373, 133, 1, 222, 222),
(438, 374, 132, 1, 200, 200),
(439, 375, 133, 1, 222, 222),
(440, 376, 132, 1, 200, 200),
(441, 377, 132, 1, 200, 200),
(442, 378, 132, 1, 200, 200),
(443, 379, 132, 2, 200, 400),
(444, 380, 133, 1, 222, 222),
(445, 381, 133, 4, 222, 888),
(446, 382, 133, 1, 222, 222),
(447, 383, 132, 1, 200, 200),
(448, 384, 133, 1, 222, 222),
(449, 385, 132, 1, 200, 200),
(450, 385, 140, 1, 222, 222),
(451, 386, 147, 1, 109, 109),
(452, 387, 132, 3, 200, 600),
(453, 388, 132, 2, 200, 400),
(454, 389, 132, 1, 200, 200),
(455, 390, 132, 1, 200, 200),
(456, 390, 140, 1, 222, 222),
(457, 391, 132, 1, 200, 200),
(458, 392, 132, 1, 200, 200),
(459, 393, 132, 1, 200, 200),
(460, 393, 140, 1, 222, 222),
(461, 394, 132, 1, 200, 200),
(462, 394, 140, 1, 222, 222),
(463, 395, 132, 1, 200, 200),
(464, 395, 140, 1, 222, 222),
(465, 396, 132, 1, 200, 200),
(466, 397, 132, 1, 200, 200),
(467, 398, 132, 1, 200, 200),
(468, 399, 132, 1, 200, 200),
(469, 399, 140, 1, 222, 222),
(470, 400, 132, 2, 200, 400),
(471, 401, 132, 1, 200, 200),
(472, 401, 140, 1, 222, 222),
(473, 402, 132, 1, 200, 200),
(474, 402, 140, 1, 222, 222),
(475, 403, 132, 1, 200, 200),
(476, 403, 133, 1, 222, 222),
(477, 404, 132, 1, 200, 200),
(478, 405, 132, 1, 200, 200),
(479, 406, 133, 1, 222, 222),
(480, 408, 149, 1, 69, 69),
(481, 429, 149, 1, 69, 69),
(482, 430, 149, 1, 69, 69),
(483, 431, 149, 1, 69, 69),
(484, 432, 149, 1, 69, 69),
(485, 433, 149, 1, 69, 69),
(486, 434, 149, 1, 69, 69),
(487, 435, 149, 1, 69, 69),
(488, 436, 149, 1, 69, 69),
(489, 437, 149, 1, 69, 69),
(490, 438, 149, 1, 69, 69),
(491, 439, 161, 1, 69, 69),
(492, 440, 149, 1, 69, 69),
(493, 441, 149, 1, 69, 69),
(494, 443, 149, 1, 69, 69),
(495, 445, 149, 1, 69, 69),
(496, 451, 149, 1, 69, 69),
(497, 453, 161, 1, 69, 69),
(498, 455, 161, 1, 69, 69),
(499, 456, 149, 2, 69, 138),
(500, 456, 132, 3, 200, 600),
(501, 458, 149, 1, 69, 69),
(502, 460, 132, 2, 200, 200),
(503, 461, 132, 1, 200, 200),
(504, 463, 161, 1, 69, 69),
(505, 464, 149, 1, 69, 69),
(506, 465, 149, 1, 69, 69),
(507, 466, 149, 1, 69, 69),
(508, 467, 149, 1, 69, 69),
(509, 469, 149, 1, 69, 69),
(510, 470, 149, 1, 69, 69),
(511, 471, 149, 1, 69, 69),
(512, 472, 149, 1, 69, 69),
(513, 473, 149, 1, 69, 69),
(514, 474, 149, 1, 69, 69),
(515, 475, 161, 1, 69, 69),
(516, 475, 158, 1, 69, 69),
(517, 475, 140, 1, 222, 222),
(518, 475, 122, 1, 195, 195),
(519, 475, 160, 1, 69, 69),
(520, 476, 149, 1, 69, 69),
(521, 476, 158, 1, 69, 69),
(522, 476, 122, 1, 195, 195),
(523, 476, 140, 1, 222, 222),
(524, 477, 149, 1, 69, 69),
(525, 477, 132, 2, 200, 400),
(526, 478, 149, 1, 69, 69),
(527, 478, 132, 1, 200, 10),
(528, 479, 149, 1, 69, 69),
(529, 479, 161, 1, 69, 69),
(530, 480, 149, 1, 69, 69),
(531, 480, 161, 1, 69, 69),
(532, 480, 157, 1, 69, 69),
(533, 481, 149, 1, 69, 69),
(534, 481, 161, 1, 69, 10),
(535, 482, 149, 1, 69, 69),
(536, 482, 161, 1, 69, 69),
(537, 482, 157, 1, 69, 69),
(538, 483, 149, 1, 69, 69),
(539, 483, 161, 1, 69, 69),
(540, 484, 149, 1, 69, 69),
(541, 484, 161, 1, 69, 69),
(542, 484, 157, 1, 69, 69),
(543, 485, 149, 1, 69, 69),
(544, 486, 149, 1, 69, 69),
(545, 486, 161, 1, 69, 10),
(546, 486, 157, 1, 69, 69),
(547, 487, 149, 1, 69, 69),
(548, 488, 149, 1, 69, 69),
(549, 489, 149, 1, 69, 69),
(550, 489, 132, 1, 200, 200),
(551, 489, 165, 1, 10, 10),
(552, 489, 158, 1, 69, 69),
(553, 489, 122, 3, 195, 585),
(554, 489, 165, 3, 10, 585),
(555, 490, 149, 2, 69, 138),
(556, 490, 132, 1, 200, 200),
(557, 490, 166, 1, 12, 12),
(558, 491, 149, 4, 69, 276),
(559, 491, 165, 4, 10, 276),
(560, 491, 161, 1, 69, 69),
(561, 491, 165, 1, 10, 10),
(562, 491, 166, 1, 12, 12),
(563, 491, 133, 1, 222, 222),
(564, 491, 140, 1, 222, 222),
(565, 491, 165, 1, 10, 10),
(566, 491, 166, 1, 12, 12),
(567, 491, 162, 1, 69, 69),
(568, 492, 149, 1, 69, 69),
(569, 492, 166, 1, 12, 12),
(570, 492, 161, 2, 69, 138),
(571, 492, 165, 2, 10, 138),
(572, 492, 166, 2, 12, 138),
(573, 492, 157, 1, 69, 69),
(574, 492, 165, 1, 10, 10),
(575, 493, 149, 1, 69, 69),
(576, 493, 166, 1, 12, 12),
(577, 493, 161, 2, 69, 138),
(578, 493, 165, 2, 10, 138),
(579, 493, 166, 2, 12, 138),
(580, 493, 157, 1, 69, 69),
(581, 493, 165, 1, 10, 10),
(582, 494, 149, 11, 69, 759),
(583, 494, 161, 1, 69, 69),
(584, 494, 165, 1, 10, 10),
(585, 494, 166, 1, 12, 12),
(586, 495, 149, 11, 69, 759),
(587, 495, 161, 1, 69, 69),
(588, 495, 165, 1, 10, 10),
(589, 495, 166, 1, 12, 12),
(590, 496, 149, 1, 69, 69),
(591, 496, 166, 1, 12, 12),
(592, 497, 149, 1, 69, 69),
(593, 497, 165, 1, 10, 10),
(594, 498, 149, 1, 69, 69),
(595, 498, 165, 1, 10, 10),
(596, 499, 149, 1, 69, 69),
(597, 499, 165, 1, 10, 10),
(598, 500, 149, 1, 69, 69),
(599, 500, 165, 1, 10, 10),
(600, 501, 132, 1, 200, 200),
(601, 502, 149, 1, 69, 69),
(602, 503, 170, 1, 120, 120),
(603, 504, 170, 1, 120, 120),
(604, 505, 170, 2, 120, 240),
(605, 506, 172, 1, 120, 120),
(606, 507, 170, 1, 120, 120),
(607, 508, 170, 2, 120, 240),
(608, 508, 173, 3, 100, 300),
(609, 508, 171, 3, 120, 360),
(610, 509, 170, 2, 120, 240),
(611, 509, 173, 3, 100, 300),
(612, 509, 171, 3, 120, 360),
(613, 510, 170, 1, 120, 120),
(614, 511, 170, 1, 120, 120),
(615, 512, 187, 1, 140, 140),
(616, 513, 188, 1, 1, 1),
(617, 514, 189, 1, 20, 20),
(618, 515, 191, 1, 20, 20),
(619, 515, 190, 1, 20, 20),
(620, 515, 192, 1, 20, 20),
(621, 516, 187, 1, 140, 140),
(622, 517, 185, 1, 140, 140),
(623, 518, 187, 1, 140, 140),
(624, 519, 187, 1, 140, 140),
(625, 520, 170, 1, 120, 120),
(626, 521, 185, 1, 140, 140),
(627, 522, 185, 1, 140, 140),
(628, 523, 188, 1, 1, 1),
(629, 524, 191, 1, 20, 20),
(630, 525, 188, 1, 1, 1),
(631, 526, 188, 1, 1, 1),
(632, 527, 185, 1, 140, 140),
(633, 528, 188, 1, 1, 1),
(634, 528, 173, 1, 100, 100),
(635, 529, 170, 1, 120, 120),
(636, 530, 185, 1, 140, 140),
(637, 531, 185, 1, 140, 140),
(638, 532, 185, 1, 140, 140),
(639, 533, 185, 1, 140, 140),
(640, 534, 185, 1, 140, 140),
(641, 535, 170, 1, 120, 120),
(642, 536, 185, 1, 140, 140),
(643, 537, 189, 1, 20, 20),
(644, 538, 190, 1, 20, 20),
(645, 539, 185, 1, 140, 140),
(646, 540, 187, 1, 140, 150),
(647, 540, 185, 1, 140, 150),
(648, 540, 188, 1, 1, 11),
(649, 541, 185, 2, 140, 280),
(650, 541, 187, 1, 140, 140),
(651, 542, 185, 1, 140, 140),
(652, 542, 187, 1, 140, 140),
(653, 543, 185, 1, 140, 140),
(654, 543, 187, 1, 140, 140),
(655, 544, 185, 1, 140, 140),
(656, 545, 187, 1, 140, 140),
(657, 545, 185, 1, 140, 140),
(658, 545, 185, 0, 0, 0),
(659, 546, 185, 1, 140, 140),
(660, 546, 193, 1, 10, 10),
(661, 546, 193, 0, 0, 0),
(662, 547, 187, 1, 140, 140),
(663, 547, 187, 0, 140, 140),
(664, 548, 187, 1, 140, 140),
(665, 548, 187, 0, 140, 140),
(666, 549, 185, 1, 140, 140),
(667, 550, 187, 1, 140, 140),
(668, 551, 187, 1, 140, 140),
(669, 552, 185, 1, 140, 140),
(670, 553, 185, 1, 140, 140),
(671, 554, 187, 1, 140, 140),
(672, 555, 187, 1, 140, 140),
(673, 556, 185, 1, 140, 140),
(674, 557, 185, 1, 140, 140),
(675, 558, 187, 1, 140, 140),
(676, 558, 176, 1, 10, 0),
(677, 559, 187, 1, 140, 140),
(678, 559, 176, 1, 10, 140),
(679, 560, 185, 1, 140, 140),
(680, 560, 176, 1, 10, 140),
(681, 561, 187, 1, 140, 140),
(682, 561, 176, 1, 10, 140),
(683, 562, 187, 1, 140, 140),
(684, 562, 176, 0, 10, 0),
(685, 563, 187, 1, 140, 140),
(686, 563, 176, 1, 10, 0),
(687, 564, 187, 1, 140, 140),
(688, 564, 193, 1, 10, 0),
(689, 565, 187, 1, 140, 140),
(690, 565, 176, 1, 10, 140),
(691, 566, 187, 1, 140, 140),
(692, 566, 176, 1, 10, 140),
(693, 567, 185, 1, 140, 140),
(694, 567, 176, 1, 10, 140),
(695, 568, 187, 1, 140, 140),
(696, 568, 0, 1, 10, 140),
(697, 570, 185, 1, 140, 140),
(698, 570, 176, 1, 10, 140),
(699, 571, 187, 1, 140, 140),
(700, 571, 187, 1, 10, 140),
(701, 572, 187, 1, 140, 140),
(702, 572, 0, 1, 10, 140),
(703, 573, 187, 1, 140, 140),
(704, 573, 176, 1, 10, 140),
(705, 574, 187, 1, 140, 140),
(706, 574, 176, 1, 10, 140),
(707, 574, 185, 1, 140, 140),
(708, 574, 188, 1, 1, 1),
(709, 575, 185, 1, 140, 140),
(710, 575, 188, 1, 1, 1),
(711, 575, 176, 1, 10, 1),
(712, 575, 193, 1, 10, 10),
(713, 576, 187, 1, 140, 140),
(714, 576, 187, 1, 140, 140),
(715, 576, 176, 0, 10, 140),
(716, 577, 187, 1, 140, 140),
(717, 577, 176, 1, 10, 140),
(718, 578, 187, 1, 140, 140),
(719, 578, 176, 1, 10, 140),
(720, 579, 185, 1, 140, 140),
(721, 580, 185, 1, 140, 140),
(722, 581, 185, 1, 140, 140),
(723, 581, 176, 1, 10, 140),
(724, 582, 187, 1, 140, 140),
(725, 582, 176, 1, 10, 140),
(726, 583, 187, 1, 140, 140),
(727, 583, 176, 1, 10, 140),
(728, 584, 173, 1, 100, 100),
(729, 584, 193, 1, 10, 100),
(730, 585, 187, 1, 140, 140),
(731, 585, 176, 1, 10, 140),
(732, 587, 187, 2, 140, 280),
(733, 587, 176, 1, 10, 280),
(734, 588, 185, 1, 10, 10),
(735, 588, 176, 1, 140, 10),
(736, 589, 185, 1, 140, 140),
(737, 590, 187, 1, 140, 140),
(738, 590, 176, 1, 10, 140),
(739, 591, 187, 1, 140, 140),
(740, 591, 176, 1, 10, 140),
(741, 592, 187, 1, 140, 140),
(742, 592, 0, 1, 10, 140),
(743, 592, 185, 1, 140, 140),
(744, 592, 170, 1, 120, 120),
(745, 593, 187, 1, 140, 140),
(746, 593, 176, 1, 10, 140),
(747, 593, 188, 1, 1, 1),
(748, 593, 193, 1, 10, 1),
(749, 593, 185, 1, 140, 140),
(750, 594, 187, 1, 140, 140),
(751, 594, 176, 1, 10, 140),
(752, 594, 185, 1, 140, 140),
(753, 594, 176, 1, 10, 140),
(754, 594, 193, 1, 10, 140),
(755, 594, 188, 1, 1, 1),
(756, 595, 187, 1, 140, 140),
(757, 595, 176, 1, 10, 140),
(758, 595, 185, 1, 140, 140),
(759, 595, 188, 1, 1, 1),
(760, 596, 185, 2, 140, 280),
(761, 596, 176, 2, 10, 1),
(762, 596, 188, 1, 1, 140),
(763, 596, 187, 1, 140, 0),
(764, 597, 185, 1, 140, 140),
(765, 597, 176, 1, 10, 140),
(766, 597, 187, 1, 140, 140),
(767, 597, 188, 1, 1, 1),
(768, 598, 187, 1, 140, 140),
(769, 598, 193, 1, 10, 140),
(770, 598, 191, 1, 20, 20),
(771, 598, 176, 1, 10, 20),
(772, 598, 188, 1, 1, 1),
(773, 599, 187, 1, 140, 140),
(774, 599, 176, 1, 10, 140),
(775, 599, 185, 1, 140, 140),
(776, 599, 170, 1, 120, 140),
(777, 600, 187, 1, 140, 140),
(778, 600, 176, 1, 10, 140),
(779, 600, 185, 1, 140, 140),
(780, 600, 193, 1, 10, 140),
(781, 600, 188, 1, 1, 140),
(782, 601, 187, 1, 140, 140),
(783, 601, 176, 1, 10, 140),
(784, 602, 185, 1, 140, 140),
(785, 602, 176, 1, 10, 140),
(786, 602, 187, 1, 140, 140),
(787, 602, 188, 1, 1, 140),
(788, 603, 185, 1, 140, 140),
(789, 603, 176, 1, 10, 10),
(790, 603, 187, 1, 140, 10),
(791, 604, 185, 1, 140, 140),
(792, 604, 176, 1, 10, 10),
(793, 605, 185, 1, 140, 140),
(794, 605, 176, 1, 10, 10),
(795, 605, 188, 1, 1, 1),
(796, 605, 187, 1, 140, 140),
(797, 606, 187, 1, 140, 140),
(798, 606, 176, 1, 10, 10),
(799, 606, 185, 1, 140, 140),
(800, 606, 176, 1, 10, 10),
(801, 606, 193, 1, 10, 10),
(802, 606, 188, 1, 1, 1),
(803, 606, 170, 1, 120, 120),
(804, 607, 185, 1, 140, 140),
(805, 607, 176, 1, 10, 10),
(806, 607, 193, 1, 10, 10),
(807, 607, 187, 1, 140, 140),
(808, 607, 176, 1, 10, 10),
(809, 607, 170, 1, 120, 120),
(810, 607, 176, 1, 10, 10),
(811, 607, 193, 1, 10, 10),
(812, 607, 173, 1, 100, 100),
(813, 608, 187, 1, 140, 140),
(814, 608, 176, 1, 10, 10),
(815, 609, 185, 1, 140, 140),
(816, 609, 176, 1, 10, 10),
(817, 609, 193, 1, 10, 10),
(818, 609, 187, 1, 140, 140),
(819, 609, 176, 1, 10, 10),
(820, 609, 193, 1, 10, 10),
(821, 609, 188, 1, 1, 1),
(822, 610, 185, 1, 140, 140),
(823, 610, 176, 1, 10, 10),
(824, 610, 193, 1, 10, 10),
(825, 610, 187, 1, 140, 140),
(826, 610, 176, 1, 10, 10),
(827, 610, 188, 1, 1, 1),
(828, 611, 185, 1, 140, 140),
(829, 611, 176, 1, 10, 10),
(830, 612, 194, 1, 140, 140),
(831, 612, 176, 1, 10, 10),
(832, 612, 193, 1, 10, 10),
(833, 613, 185, 1, 140, 140),
(834, 613, 176, 1, 10, 10),
(835, 613, 187, 1, 140, 140),
(836, 613, 176, 1, 10, 10),
(837, 613, 193, 1, 10, 10),
(838, 613, 195, 1, 100, 100),
(839, 614, 185, 1, 140, 140),
(840, 614, 187, 1, 140, 140),
(841, 614, 176, 1, 10, 10),
(842, 614, 193, 1, 10, 10),
(843, 614, 195, 1, 100, 100),
(844, 615, 185, 1, 140, 140),
(845, 615, 193, 1, 10, 10),
(846, 615, 212, 1, 100, 100),
(847, 615, 176, 1, 10, 10),
(848, 616, 214, 1, 150, 150),
(849, 616, 228, 1, 100, 100),
(850, 617, 212, 1, 100, 100),
(851, 617, 228, 1, 100, 100),
(852, 618, 212, 1, 100, 100),
(853, 619, 204, 1, 90, 90),
(854, 620, 218, 1, 100, 100),
(855, 621, 225, 1, 125, 125),
(856, 621, 201, 1, 70, 70),
(857, 622, 210, 1, 95, 95),
(858, 623, 212, 1, 100, 100),
(859, 623, 173, 1, 100, 100),
(860, 623, 207, 1, 85, 85),
(861, 624, 198, 1, 155, 155),
(862, 625, 204, 1, 90, 90),
(863, 625, 201, 1, 70, 70),
(864, 626, 224, 1, 75, 75),
(865, 627, 206, 1, 100, 100),
(866, 627, 204, 1, 90, 90),
(867, 628, 225, 1, 125, 125),
(868, 628, 176, 1, 10, 10),
(869, 628, 193, 1, 10, 10),
(870, 629, 222, 1, 125, 125),
(871, 629, 228, 1, 100, 100),
(872, 630, 206, 1, 100, 100),
(873, 630, 176, 1, 10, 100),
(874, 630, 193, 1, 10, 10),
(875, 630, 176, 1, 10, 10),
(876, 630, 189, 1, 20, 20),
(877, 630, 176, 1, 10, 10),
(878, 630, 193, 1, 10, 10),
(879, 630, 210, 1, 95, 95),
(880, 630, 176, 1, 10, 10);

-- --------------------------------------------------------

--
-- Table structure for table `products`
--

CREATE TABLE `products` (
  `id` int(30) NOT NULL,
  `category_id` int(30) NOT NULL,
  `category_name` varchar(255) NOT NULL,
  `name` varchar(200) NOT NULL,
  `description` text NOT NULL,
  `price` float NOT NULL,
  `status` tinyint(1) NOT NULL DEFAULT 1 COMMENT '0=Unavailable,1=Available',
  `image` varchar(255) NOT NULL,
  `expiration_date` date NOT NULL DEFAULT current_timestamp()
) ENGINE=InnoDB DEFAULT CHARSET=utf8mb4 COLLATE=utf8mb4_general_ci;

--
-- Dumping data for table `products`
--

INSERT INTO `products` (`id`, `category_id`, `category_name`, `name`, `description`, `price`, `status`, `image`, `expiration_date`) VALUES
(170, 27, 'Espresso', 'Amerikano', 'Amerikano', 120, 1, '1699293900_amerikano.jpg', '2023-12-07'),
(171, 28, 'Latte', 'White Mocha', 'Mocha', 120, 1, '1699293960_348825790_790031692652606_5186885915670577889_n.jpg', '2023-12-07'),
(173, 29, 'Pastry', 'Cake', 'Cake', 100, 1, '1699297200_3.jpg', '2023-11-07'),
(176, 30, 'addons', 'Pearl', 'pearls', 10, 1, '1699604700_milktea.jpg', '2023-11-10'),
(185, 32, 'Large', '(L)Amerikano', 'Large Amerikano', 140, 1, '1699627440_amerikano.jpg', '2023-11-10'),
(187, 32, 'Large', '(L)White Mocha', 'Large White Mocha', 140, 1, '1699934700_homemade-white-chocolate-mocha-image-square.jpg', '2023-11-14'),
(189, 28, 'Latte', 'Low', 'Low', 20, 1, '1699938000_5ff1eef478597f5d2d0f514d635b8752.jpg', '2023-11-14'),
(193, 30, 'addons', 'Oreo', 'Oreo', 10, 1, '1699993260_download.jpg', '2023-11-15'),
(195, 28, 'Latte', 'Americano', 'Black coffee', 100, 1, '1700097180_amerikano.jpg', '2023-11-30'),
(196, 33, 'Classic Ice Blended', 'Espresso Frappe', 'Espresso Frappe', 145, 1, '1700110320_coffee-ice-cream-frappe-frappuccino-3 (1).jpg', '2023-11-30'),
(198, 33, 'Classic Ice Blended', 'Caramel Frappe', 'Caramele Frappe', 155, 1, '1700110800_download.jpg', '2023-11-30'),
(199, 34, 'Cream Based Ice Blended', 'Brownie Chocolate Crumble', 'sweet', 150, 1, '1700110800_Mocha-Cookie-Crumble-Frappuccino-7-735x1103.jpg', '2023-12-08'),
(200, 33, 'Classic Ice Blended', 'Classic Mocha Frappe', 'Classic Mocha Frappe', 90, 1, '1700110980_download (1).jpg', '2023-11-30'),
(201, 39, 'Non-Coffee', 'Steamed Milk', 'steamed', 70, 1, '1700112000_download (1).jpg', '2023-11-23'),
(202, 39, 'Non-Coffee', 'Iced Tea', 'tea, cold', 100, 1, '1700112120_summer-peach-tea-cocktail-recipe-761506-hero-01-f949acc1ed22404da03ce72648412bcf.jpg', '2023-12-07'),
(203, 34, 'Cream Based Ice Blended', 'Double Chocolate', 'double chocolate cream', 95, 1, '1700112240_SBX20190528_DoubleChocolatyChipCremeFrapp.avif', '2023-12-07'),
(204, 35, 'Italian Soda', 'Strawberry (IS)', 'strawberry', 90, 1, '1700112360_Strawberry-Pink-Drink-1.jpg', '2023-11-30'),
(205, 37, 'Hot Tea', 'Apple Cinnamon', 'cinnamon', 100, 1, '1700112480_download (2).jpg', '2023-12-06'),
(206, 34, 'Cream Based Ice Blended', 'Strawberry cream', 'creamy strawberry', 100, 1, '1700112600_Strawberry-Cream-Soda-LowCarbingAsian-Cover.jpg', '2023-12-08'),
(207, 33, 'Classic Ice Blended', 'Caramel Cookie ', 'caramel', 85, 1, '1700112780_images.jpg', '2023-12-09'),
(208, 34, 'Cream Based Ice Blended', 'Cookies and Cream', 'oreo', 125, 1, '1700112960_download (3).jpg', '2023-12-07'),
(209, 33, 'Classic Ice Blended', 'Almond Drink', 'almond', 90, 1, '1700113140_images (1).jpg', '2023-12-07'),
(210, 40, 'Juice', 'Mango Juice', 'juice', 95, 1, '1700113380_images (1).jpeg', '2023-11-30'),
(211, 36, 'Milktea', 'Matcha Milktea', 'matcha', 90, 1, '1700113440_download.jpeg', '2023-11-30'),
(212, 33, 'Classic Ice Blended', '(L) Iced Flat White', 'white coffee', 100, 1, '1700113560_download (1).jpeg', '2023-11-30'),
(213, 36, 'Milktea', 'Wintermelon', 'milktea', 90, 1, '1700113620_images (2).jpeg', '2023-11-30'),
(214, 32, 'Large', '(L) Javachip', 'javachip', 150, 1, '1700113740_download (2).jpeg', '2024-03-29'),
(215, 39, 'Non-Coffee', 'Nutella Drink', 'choco', 100, 1, '1700113800_download (3).jpeg', '2024-01-25'),
(216, 41, 'Premium Coffee', 'Iced Latte', 'coffee', 100, 1, '1700113920_download (4).jpeg', '2024-01-25'),
(217, 41, 'Premium Coffee', 'Cold Brew', 'cold', 125, 1, '1700113980_download (5).jpeg', '2024-05-23'),
(218, 41, 'Premium Coffee', 'Iced Breve', 'breve', 100, 1, '1700114040_download (6).jpeg', '2024-02-21'),
(219, 42, 'Signature of Kings', 'Cortado', 'cortado', 100, 1, '1700114100_download (7).jpeg', '2024-06-27'),
(220, 32, 'Large', '(L) Okinawa', 'large', 150, 1, '1700114160_images (2).jpeg', '2024-02-22'),
(221, 42, 'Signature of Kings', 'Macadamia Latte', 'latte', 100, 1, '1700114220_download (8).jpeg', '2024-01-31'),
(222, 42, 'Signature of Kings', 'Salted Caramel', 'salted', 125, 1, '1700114340_download (9).jpeg', '2023-11-16'),
(223, 42, 'Signature of Kings', 'Black and White ', 'mocha', 100, 1, '1700114460_download (10).jpeg', '2024-02-28'),
(224, 36, 'Milktea', 'Classic Milktea', 'milktea', 75, 1, '1700114520_images (2).jpeg', '2024-02-29'),
(225, 32, 'Large', '(L) Four Season', 'juice', 125, 1, '1700114640_images (3).jpeg', '2024-02-29'),
(226, 39, 'Non-Coffee', 'Chocolate Caramel', 'sweet', 100, 1, '1700114760_download (11).jpeg', '2024-02-29'),
(227, 42, 'Signature of Kings', 'Hot Tea', 'hot', 90, 1, '1700114940_download (12).jpeg', '2023-12-21'),
(228, 32, 'Large', '(L) Mango', 'mango', 100, 1, '1700115000_images (1).jpeg', '2024-01-24'),
(229, 33, 'Classic Ice Blended', 'Coffee Jelly', 'Coffee Jelly', 120, 1, '1700115420_Capuccino.jpg', '2024-07-12');

-- --------------------------------------------------------

--
-- Table structure for table `product_ingredients`
--

CREATE TABLE `product_ingredients` (
  `id` int(255) NOT NULL,
  `product_id` int(255) NOT NULL,
  `ingredients_id` int(255) NOT NULL,
  `measurement` int(200) NOT NULL
) ENGINE=InnoDB DEFAULT CHARSET=utf8mb4 COLLATE=utf8mb4_general_ci;

--
-- Dumping data for table `product_ingredients`
--

INSERT INTO `product_ingredients` (`id`, `product_id`, `ingredients_id`, `measurement`) VALUES
(185, 187, 61, 20),
(186, 187, 60, 20),
(188, 189, 63, 600),
(192, 193, 61, 10),
(194, 195, 60, 10),
(195, 196, 61, 10),
(196, 196, 60, 9),
(200, 198, 81, 10),
(201, 198, 60, 10),
(202, 199, 61, 100),
(203, 199, 77, 50),
(204, 200, 61, 10),
(205, 200, 60, 10),
(206, 201, 73, 20),
(207, 201, 82, 20),
(208, 202, 90, 0),
(209, 203, 61, 50),
(210, 203, 77, 20),
(211, 204, 92, 100),
(212, 204, 82, 20),
(213, 205, 83, 50),
(214, 206, 92, 100),
(215, 207, 81, 100),
(216, 208, 98, 100),
(217, 209, 86, 60),
(218, 210, 93, 0),
(219, 211, 95, 50),
(220, 212, 75, 50),
(221, 213, 80, 75),
(222, 214, 99, 100),
(223, 215, 103, 100),
(224, 216, 75, 20),
(225, 217, 108, 100),
(226, 218, 108, 20),
(227, 219, 118, 50),
(228, 219, 112, 1),
(229, 220, 79, 110),
(230, 221, 75, 100),
(231, 222, 113, 65),
(232, 223, 101, 100),
(233, 224, 78, 50),
(234, 225, 116, 100),
(235, 226, 88, 0),
(236, 226, 81, 15),
(237, 226, 61, 15),
(238, 227, 117, 100),
(239, 228, 93, 15),
(240, 229, 106, 10);

-- --------------------------------------------------------

--
-- Table structure for table `stocks`
--

CREATE TABLE `stocks` (
  `id` int(255) NOT NULL,
  `order_items_id` int(255) NOT NULL,
  `product_ingredients_id` int(255) NOT NULL
) ENGINE=InnoDB DEFAULT CHARSET=utf8mb4 COLLATE=utf8mb4_general_ci;

-- --------------------------------------------------------

--
-- Table structure for table `system_settings`
--

CREATE TABLE `system_settings` (
  `id` int(30) NOT NULL,
  `name` text NOT NULL,
  `email` varchar(200) NOT NULL,
  `contact` varchar(20) NOT NULL,
  `cover_img` text NOT NULL,
  `about_content` text NOT NULL
) ENGINE=InnoDB DEFAULT CHARSET=utf8mb4 COLLATE=utf8mb4_general_ci;

--
-- Dumping data for table `system_settings`
--

INSERT INTO `system_settings` (`id`, `name`, `email`, `contact`, `cover_img`, `about_content`) VALUES
(1, 'Simple Cafe Billing System', '', '', '', '');

-- --------------------------------------------------------

--
-- Table structure for table `users`
--

CREATE TABLE `users` (
  `id` int(30) NOT NULL,
  `name` text NOT NULL,
  `username` varchar(200) NOT NULL,
  `password` text NOT NULL,
  `type` tinyint(1) NOT NULL DEFAULT 3 COMMENT '1=Admin,2=Staff',
  `status` varchar(255) NOT NULL DEFAULT 'active'
) ENGINE=InnoDB DEFAULT CHARSET=utf8mb4 COLLATE=utf8mb4_general_ci;

--
-- Dumping data for table `users`
--

INSERT INTO `users` (`id`, `name`, `username`, `password`, `type`, `status`) VALUES
(1, 'admin', 'admin', '0192023a7bbd73250516f069df18b500', 1, 'active'),
(5, 'staff', 'staff', 'de9bf5643eabf80f4a56fda3bbb84483', 2, 'active'),
(7, 'Joy', 'joycasiquin', 'c2c8e798aecbc26d86e4805114b03c51', 2, 'active'),
(8, 'cashier1', 'cashier1', '136989baac262ea3f560297aab280c8d', 2, 'active'),
(9, 'cashier2', 'cashier2', '0060e5ef773960fd63b2a7d9a35bd8eb', 2, 'active');

-- --------------------------------------------------------

--
-- Table structure for table `user_log`
--

CREATE TABLE `user_log` (
  `id` int(11) NOT NULL,
  `user_id` int(255) NOT NULL,
  `action_description` varchar(255) NOT NULL,
  `action_timestamp` timestamp NOT NULL DEFAULT current_timestamp() ON UPDATE current_timestamp()
) ENGINE=InnoDB DEFAULT CHARSET=utf8mb4 COLLATE=utf8mb4_general_ci;

--
-- Dumping data for table `user_log`
--

INSERT INTO `user_log` (`id`, `user_id`, `action_description`, `action_timestamp`) VALUES
(248, 1, 'admin logged out ', '2023-11-06 18:51:19'),
(249, 1, 'admin logged in ', '2023-11-06 18:56:52'),
(250, 1, 'admin Deleted a product with product name: Cappuccino', '2023-11-06 19:02:56'),
(251, 1, 'admin logged out ', '2023-11-06 20:33:20'),
(252, 5, 'staff logged in ', '2023-11-06 20:33:27'),
(253, 5, 'staff logged out ', '2023-11-06 21:08:04'),
(254, 1, 'admin logged in ', '2023-11-06 21:08:11'),
(255, 1, 'admin logged in ', '2023-11-09 15:45:43'),
(256, 1, 'admin logged out ', '2023-11-09 15:47:00'),
(257, 5, 'staff logged in ', '2023-11-09 15:47:05'),
(258, 5, 'staff logged out ', '2023-11-09 15:47:30'),
(259, 1, 'admin logged in ', '2023-11-09 15:47:42'),
(260, 1, 'admin logged out ', '2023-11-09 15:50:21'),
(261, 5, 'staff logged in ', '2023-11-09 15:50:29'),
(262, 5, 'staff logged out ', '2023-11-09 15:56:29'),
(263, 1, 'admin logged in ', '2023-11-09 15:56:33'),
(264, 1, 'admin Added a new product with product name: ', '2023-11-09 16:00:30'),
(265, 1, 'admin Deleted a product with product name: ', '2023-11-09 16:01:07'),
(266, 1, 'admin logged out ', '2023-11-09 16:02:10'),
(267, 5, 'staff logged in ', '2023-11-09 16:02:15'),
(268, 5, 'staff logged out ', '2023-11-09 16:16:44'),
(269, 1, 'admin logged in ', '2023-11-09 16:17:09'),
(270, 1, 'admin Added a new product with product name: ', '2023-11-09 16:18:13'),
(271, 1, 'admin Deleted a product with product name: ', '2023-11-09 16:18:21'),
(272, 1, 'admin logged in ', '2023-11-09 17:05:12'),
(273, 1, 'admin logged out ', '2023-11-09 17:06:12'),
(274, 5, 'staff logged in ', '2023-11-09 17:06:19'),
(275, 1, 'admin logged in ', '2023-11-09 17:10:43'),
(276, 1, 'admin logged in ', '2023-11-10 07:48:57'),
(277, 1, 'admin logged out ', '2023-11-10 08:24:04'),
(278, 1, 'admin logged in ', '2023-11-10 08:24:16'),
(279, 1, 'admin Added a new product with product name: Pearl', '2023-11-10 08:25:52'),
(280, 1, 'admin logged out ', '2023-11-10 08:25:54'),
(281, 5, 'staff logged in ', '2023-11-10 08:26:03'),
(282, 5, 'staff logged out ', '2023-11-10 08:28:50'),
(283, 1, 'admin logged in ', '2023-11-10 08:28:54'),
(284, 1, 'admin logged out ', '2023-11-10 08:37:29'),
(285, 5, 'staff logged in ', '2023-11-10 08:37:34'),
(286, 5, 'staff logged out ', '2023-11-10 08:54:25'),
(287, 1, 'admin logged in ', '2023-11-10 08:54:29'),
(288, 1, 'admin logged out ', '2023-11-10 11:10:57'),
(289, 8, 'cashier1 logged in ', '2023-11-10 11:11:07'),
(290, 8, 'cashier1 logged out ', '2023-11-10 11:29:47'),
(291, 1, 'admin logged in ', '2023-11-10 11:30:03'),
(292, 1, 'admin logged out ', '2023-11-10 14:01:13'),
(293, 8, 'cashier1 logged in ', '2023-11-10 14:01:30'),
(294, 8, 'cashier1 logged out ', '2023-11-10 14:12:26'),
(295, 1, 'admin logged in ', '2023-11-10 14:12:29'),
(296, 1, 'admin Added a new product with product name: (L)Amerikano', '2023-11-10 14:15:04'),
(297, 1, 'admin Updated an existing product with product name: (L)Amerikano', '2023-11-10 14:16:05'),
(298, 1, 'admin Deleted a product with product name: (L)Amerikano', '2023-11-10 14:17:02'),
(299, 1, 'admin Added a new product with product name: LargeAmerikano', '2023-11-10 14:18:24'),
(300, 1, 'admin Deleted a product with product name: LargeAmerikano', '2023-11-10 14:21:18'),
(301, 1, 'admin Added a new product with product name: dsdsds', '2023-11-10 14:21:48'),
(302, 1, 'admin Deleted a product with product name: dsdsds', '2023-11-10 14:21:57'),
(303, 1, 'admin Added a new product with product name: LargeAmerikano', '2023-11-10 14:23:15'),
(304, 1, 'admin Updated an existing product with product name: LargeAmerikano', '2023-11-10 14:24:19'),
(305, 1, 'admin Deleted a product with product name: LargeAmerikano', '2023-11-10 14:25:51'),
(306, 1, 'admin Added a new product with product name: lage', '2023-11-10 14:26:19'),
(307, 1, 'admin Deleted a product with product name: lage', '2023-11-10 14:26:27'),
(308, 1, 'admin Added a new product with product name: ss', '2023-11-10 14:28:18'),
(309, 1, 'admin Added a new product with product name: dsd', '2023-11-10 14:29:09'),
(310, 1, 'admin Added a new product with product name: sas', '2023-11-10 14:29:35'),
(311, 1, 'admin Deleted a product with product name: ss', '2023-11-10 14:34:39'),
(312, 1, 'admin Deleted a product with product name: dsd', '2023-11-10 14:34:45'),
(313, 1, 'admin Deleted a product with product name: sas', '2023-11-10 14:34:51'),
(314, 1, 'admin Added a new product with product name: (L)Amerikano', '2023-11-10 14:44:45'),
(315, 1, 'admin Added a new product with product name: (L)White Mocha', '2023-11-10 14:47:08'),
(316, 1, 'admin logged out ', '2023-11-10 14:54:25'),
(317, 1, 'admin logged in ', '2023-11-10 14:54:45'),
(318, 1, 'admin logged out ', '2023-11-10 14:54:49'),
(319, 1, 'admin logged in ', '2023-11-10 14:54:56'),
(320, 1, 'admin logged out ', '2023-11-10 14:55:08'),
(321, 8, 'cashier1 logged in ', '2023-11-10 14:55:39'),
(322, 1, 'admin logged in ', '2023-11-10 15:27:05'),
(323, 1, 'admin Deleted a product with product name: (L)White Mocha', '2023-11-10 15:54:46'),
(324, 1, 'admin logged out ', '2023-11-10 16:33:25'),
(325, 8, 'cashier1 logged in ', '2023-11-10 16:33:33'),
(326, 8, 'cashier1 logged out ', '2023-11-10 16:36:18'),
(327, 1, 'admin logged in ', '2023-11-10 16:36:21'),
(328, 1, 'admin logged in ', '2023-11-12 07:02:05'),
(329, 1, 'admin Added a new product with product name: (L)White Mocha', '2023-11-14 04:05:54'),
(330, 1, 'admin logged out ', '2023-11-14 04:08:15'),
(331, 8, 'cashier1 logged in ', '2023-11-14 04:08:21'),
(332, 1, 'admin logged in ', '2023-11-14 04:08:25'),
(333, 1, 'admin logged out ', '2023-11-14 04:08:36'),
(334, 8, 'cashier1 logged in ', '2023-11-14 04:08:43'),
(335, 8, 'cashier1 logged out ', '2023-11-14 04:09:56'),
(336, 1, 'admin logged in ', '2023-11-14 04:09:59'),
(337, 1, 'admin Added a new product with product name: Critical', '2023-11-14 04:36:22'),
(338, 1, 'admin logged out ', '2023-11-14 04:36:43'),
(339, 8, 'cashier1 logged in ', '2023-11-14 04:36:47'),
(340, 8, 'cashier1 logged out ', '2023-11-14 04:37:11'),
(341, 1, 'admin logged in ', '2023-11-14 04:37:14'),
(342, 1, 'admin Added a new product with product name: Low', '2023-11-14 05:00:13'),
(343, 1, 'admin logged out ', '2023-11-14 05:00:16'),
(344, 8, 'cashier1 logged in ', '2023-11-14 05:00:21'),
(345, 8, 'cashier1 logged out ', '2023-11-14 05:00:42'),
(346, 1, 'admin logged in ', '2023-11-14 05:00:44'),
(347, 1, 'admin Added a new product with product name: Expired Soon', '2023-11-14 05:05:34'),
(348, 1, 'admin Added a new product with product name: Expired', '2023-11-14 05:08:37'),
(349, 1, 'admin Added a new product with product name: Out of Stock', '2023-11-14 05:08:57'),
(350, 1, 'admin logged out ', '2023-11-14 05:09:00'),
(351, 8, 'cashier1 logged in ', '2023-11-14 05:09:03'),
(352, 8, 'cashier1 logged out ', '2023-11-14 05:09:29'),
(353, 1, 'admin logged in ', '2023-11-14 05:09:32'),
(354, 1, 'admin logged out ', '2023-11-14 07:12:24'),
(355, 8, 'cashier1 logged in ', '2023-11-14 07:12:29'),
(356, 8, 'cashier1 logged out ', '2023-11-14 07:12:55'),
(357, 1, 'admin logged in ', '2023-11-14 07:12:59'),
(358, 1, 'admin logged out ', '2023-11-14 14:17:31'),
(359, 8, 'cashier1 logged in ', '2023-11-14 14:17:36'),
(360, 8, 'cashier1 logged out ', '2023-11-14 14:18:03'),
(361, 1, 'admin logged in ', '2023-11-14 14:18:09'),
(362, 1, 'admin logged out ', '2023-11-14 14:19:03'),
(363, 8, 'cashier1 logged in ', '2023-11-14 14:19:08'),
(364, 8, 'cashier1 logged out ', '2023-11-14 14:53:04'),
(365, 1, 'admin logged in ', '2023-11-14 14:53:09'),
(366, 1, 'admin logged out ', '2023-11-14 14:55:06'),
(367, 1, 'admin logged in ', '2023-11-14 14:55:11'),
(368, 1, 'admin logged out ', '2023-11-14 14:59:16'),
(369, 8, 'cashier1 logged in ', '2023-11-14 14:59:47'),
(370, 8, 'cashier1 logged out ', '2023-11-14 15:05:36'),
(371, 1, 'admin logged in ', '2023-11-14 15:05:42'),
(372, 1, 'admin logged out ', '2023-11-14 15:29:20'),
(373, 1, 'admin logged in ', '2023-11-14 15:29:25'),
(374, 1, 'admin logged out ', '2023-11-14 17:07:02'),
(375, 8, 'cashier1 logged in ', '2023-11-14 17:07:11'),
(376, 8, 'cashier1 logged out ', '2023-11-14 20:19:52'),
(377, 1, 'admin logged in ', '2023-11-14 20:19:56'),
(378, 1, 'admin Added a new product with product name: Oreo', '2023-11-14 20:21:42'),
(379, 1, 'admin logged out ', '2023-11-14 20:21:47'),
(380, 1, 'admin logged in ', '2023-11-14 20:21:51'),
(381, 1, 'admin logged out ', '2023-11-14 20:22:09'),
(382, 8, 'cashier1 logged in ', '2023-11-14 20:22:12'),
(383, 1, 'admin logged in ', '2023-11-15 14:17:01'),
(384, 1, 'admin logged out ', '2023-11-15 14:24:26'),
(385, 8, 'cashier1 logged in ', '2023-11-15 14:24:36'),
(386, 8, 'cashier1 logged out ', '2023-11-15 17:16:00'),
(387, 1, 'admin logged in ', '2023-11-15 17:16:08'),
(388, 1, 'admin Added a new product with product name: test u;i', '2023-11-16 01:11:28'),
(389, 1, 'admin logged out ', '2023-11-16 01:11:36'),
(390, 8, 'cashier1 logged in ', '2023-11-16 01:11:41'),
(391, 8, 'cashier1 logged out ', '2023-11-16 01:12:40'),
(392, 1, 'admin logged in ', '2023-11-16 01:12:45'),
(393, 1, 'admin Added a new product with product name: Americano', '2023-11-16 01:13:42'),
(394, 1, 'admin logged out ', '2023-11-16 01:14:41'),
(395, 8, 'cashier1 logged in ', '2023-11-16 01:14:45'),
(396, 8, 'cashier1 logged out ', '2023-11-16 01:17:56'),
(397, 1, 'admin logged in ', '2023-11-16 01:18:01'),
(398, 1, 'admin logged out ', '2023-11-16 01:19:02'),
(399, 8, 'cashier1 logged in ', '2023-11-16 01:19:10'),
(400, 8, 'cashier1 logged out ', '2023-11-16 01:19:39'),
(401, 1, 'admin logged in ', '2023-11-16 01:19:43'),
(402, 1, 'admin logged out ', '2023-11-16 04:12:25'),
(403, 5, 'staff logged in ', '2023-11-16 04:12:31'),
(404, 5, 'staff logged out ', '2023-11-16 04:13:16'),
(405, 1, 'admin logged in ', '2023-11-16 04:13:20'),
(406, 1, 'admin logged in ', '2023-11-16 04:17:51'),
(407, 1, 'admin Added a new product with product name: Espresso Frappe', '2023-11-16 04:52:16'),
(408, 1, 'admin Added a new product with product name: ', '2023-11-16 04:59:30'),
(409, 1, 'admin Added a new product with product name: Caramel Frappe', '2023-11-16 05:00:29'),
(410, 1, 'admin Added a new product with product name: Brownie Chocolate Crumble', '2023-11-16 05:00:51'),
(411, 1, 'admin Added a new product with product name: Classic Mocha Frappe', '2023-11-16 05:03:00'),
(412, 1, 'admin logged out ', '2023-11-16 05:17:05'),
(413, 5, 'staff logged in ', '2023-11-16 05:17:09'),
(414, 5, 'staff logged out ', '2023-11-16 05:17:56'),
(415, 1, 'admin logged in ', '2023-11-16 05:18:08'),
(416, 1, 'admin Added a new product with product name: Steamed Milk', '2023-11-16 05:20:01'),
(417, 1, 'admin Added a new product with product name: Iced Tea', '2023-11-16 05:22:12'),
(418, 1, 'admin Added a new product with product name: Double Chocolate', '2023-11-16 05:24:54'),
(419, 1, 'admin Added a new product with product name: Strawberry (IS)', '2023-11-16 05:26:28'),
(420, 1, 'admin Added a new product with product name: Apple Cinnamon', '2023-11-16 05:28:24'),
(421, 1, 'admin Added a new product with product name: Strawberry cream', '2023-11-16 05:30:06'),
(422, 1, 'admin Added a new product with product name: Caramel Cookie ', '2023-11-16 05:33:04'),
(423, 1, 'admin Added a new product with product name: Cookies and Cream', '2023-11-16 05:36:20'),
(424, 1, 'admin logged out ', '2023-11-16 05:36:42'),
(425, 5, 'staff logged in ', '2023-11-16 05:36:49'),
(426, 5, 'staff logged out ', '2023-11-16 05:37:43'),
(427, 1, 'admin logged in ', '2023-11-16 05:37:47'),
(428, 1, 'admin Added a new product with product name: Almond Drink', '2023-11-16 05:39:57'),
(429, 1, 'admin logged out ', '2023-11-16 05:40:06'),
(430, 8, 'cashier1 logged in ', '2023-11-16 05:40:12'),
(431, 1, 'admin logged in ', '2023-11-16 05:41:22'),
(432, 8, 'cashier1 logged out ', '2023-11-16 05:42:10'),
(433, 8, 'cashier1 logged in ', '2023-11-16 05:42:16'),
(434, 1, 'admin Added a new product with product name: Mango Juice', '2023-11-16 05:43:19'),
(435, 1, 'admin Added a new product with product name: Matcha Milktea', '2023-11-16 05:44:38'),
(436, 1, 'admin Added a new product with product name: (L) Iced Flat White', '2023-11-16 05:46:31'),
(437, 1, 'admin Added a new product with product name: Wintermelon', '2023-11-16 05:47:47'),
(438, 1, 'admin Added a new product with product name: (L) Javachip', '2023-11-16 05:49:03'),
(439, 1, 'admin Added a new product with product name: Nutella Drink', '2023-11-16 05:50:18'),
(440, 1, 'admin Added a new product with product name: Iced Latte', '2023-11-16 05:52:30'),
(441, 1, 'admin Added a new product with product name: Cold Brew', '2023-11-16 05:53:28'),
(442, 1, 'admin Added a new product with product name: Iced Breve', '2023-11-16 05:54:19'),
(443, 1, 'admin Added a new product with product name: Cortado', '2023-11-16 05:55:47'),
(444, 1, 'admin Added a new product with product name: (L) Okinawa', '2023-11-16 05:56:41'),
(445, 1, 'admin Added a new product with product name: Macadamia Latte', '2023-11-16 05:57:54'),
(446, 1, 'admin Added a new product with product name: Salted Caramel', '2023-11-16 05:59:05'),
(447, 8, 'cashier1 logged out ', '2023-11-16 06:00:36'),
(448, 1, 'admin logged in ', '2023-11-16 06:00:51'),
(449, 1, 'admin Added a new product with product name: Black and White ', '2023-11-16 06:01:19'),
(450, 1, 'admin Added a new product with product name: Classic Milktea', '2023-11-16 06:02:52'),
(451, 1, 'admin Added a new product with product name: (L) Four Season', '2023-11-16 06:04:30'),
(452, 1, 'admin Added a new product with product name: Chocolate Caramel', '2023-11-16 06:06:07'),
(453, 1, 'admin logged out ', '2023-11-16 06:06:16'),
(454, 1, 'admin logged in ', '2023-11-16 06:07:55'),
(455, 1, 'admin Added a new product with product name: Hot Tea', '2023-11-16 06:09:52'),
(456, 1, 'admin Added a new product with product name: (L) Mango', '2023-11-16 06:10:53'),
(457, 1, 'admin logged out ', '2023-11-16 06:13:26'),
(458, 5, 'staff logged in ', '2023-11-16 06:13:37'),
(459, 5, 'staff logged out ', '2023-11-16 06:15:08'),
(460, 1, 'admin logged in ', '2023-11-16 06:15:14'),
(461, 1, 'admin logged out ', '2023-11-16 06:16:46'),
(462, 5, 'staff logged in ', '2023-11-16 06:16:52'),
(463, 1, 'admin Added a new product with product name: Coffee Jelly', '2023-11-16 06:17:00'),
(464, 1, 'admin logged out ', '2023-11-16 06:17:08'),
(465, 5, 'staff logged in ', '2023-11-16 06:17:20'),
(466, 5, 'staff logged out ', '2023-11-16 06:19:27'),
(467, 5, 'staff logged in ', '2023-11-16 06:19:49'),
(468, 5, 'staff logged out ', '2023-11-16 06:19:54'),
(469, 1, 'admin logged in ', '2023-11-16 06:20:12'),
(470, 5, 'staff logged out ', '2023-11-16 06:20:18'),
(471, 5, 'staff logged in ', '2023-11-16 06:20:52'),
(472, 1, 'admin logged out ', '2023-11-16 06:20:52'),
(473, 5, 'staff logged in ', '2023-11-16 06:20:59'),
(474, 5, 'staff logged out ', '2023-11-16 06:22:26'),
(475, 1, 'admin logged in ', '2023-11-16 06:22:30'),
(476, 1, 'admin logged out ', '2023-11-16 07:05:57'),
(477, 1, 'admin logged in ', '2023-11-16 07:06:30'),
(478, 1, 'admin logged out ', '2023-11-16 07:12:51'),
(479, 5, 'staff logged in ', '2023-11-16 07:12:56'),
(480, 5, 'staff logged out ', '2023-11-16 07:14:29'),
(481, 1, 'admin logged in ', '2023-11-16 07:14:44'),
(482, 1, 'admin logged out ', '2023-11-16 10:31:09'),
(483, 8, 'cashier1 logged in ', '2023-11-16 10:31:24');

-- --------------------------------------------------------

--
-- Table structure for table `void`
--

CREATE TABLE `void` (
  `void_id` int(255) NOT NULL,
  `cashier_name` varchar(255) NOT NULL,
  `price` varchar(255) NOT NULL,
  `date` varchar(255) NOT NULL
) ENGINE=InnoDB DEFAULT CHARSET=utf8mb4 COLLATE=utf8mb4_general_ci;

--
-- Dumping data for table `void`
--

INSERT INTO `void` (`void_id`, `cashier_name`, `price`, `date`) VALUES
(9, 'cashier1', '95', '2023-10-13 06:43:17'),
(10, 'cashier1', '11111', '2023-10-13 06:49:23'),
(11, 'cashier2', '95', '2023-10-13 06:58:36'),
(12, 'staff', '100', '2023-10-13 07:07:58'),
(13, 'cashier1', '11111', '2023-10-14 09:04:42'),
(14, 'cashier2', '100', '2023-10-14 14:18:46'),
(15, 'cashier1', '100', '2023-10-14 15:59:07'),
(16, 'cashier1', '100', '2023-10-14 15:59:36'),
(17, 'cashier1', '95', '2023-10-14 15:59:47'),
(18, 'cashier1', '85', '2023-10-14 15:59:54'),
(19, 'cashier1', '11111', '2023-10-14 16:00:06'),
(20, 'cashier1', '11111', '2023-10-14 16:00:12'),
(21, 'cashier1', '11111', '2023-10-14 16:26:25'),
(22, 'cashier2', '100', '2023-10-14 18:38:12'),
(23, 'cashier2', '65', '2023-10-14 19:58:22'),
(24, 'cashier2', '100', '2023-10-14 20:09:39'),
(25, 'cashier2', '100', '2023-10-14 20:21:48'),
(26, 'cashier2', '11111', '2023-10-14 20:22:49'),
(27, 'cashier2', '100', '2023-10-15 02:28:11'),
(28, 'cashier2', '22', '2023-10-16 22:46:01'),
(29, 'cashier2', '90', '2023-10-19 22:42:23'),
(30, 'staff', '222', '2023-10-20 01:16:25'),
(31, 'staff', '195', '2023-10-20 01:17:35'),
(32, 'staff', '200', '2023-10-20 01:20:40'),
(33, 'cashier1', '11111', '2023-10-24 17:39:40'),
(34, 'cashier1', '222', '2023-10-24 18:28:34'),
(35, 'cashier1', '222', '2023-10-24 18:35:51'),
(36, 'cashier1', '200', '2023-10-25 11:02:03'),
(37, 'staff', '11111', '2023-10-25 11:42:14'),
(38, 'staff', '11111', '2023-10-25 11:42:16'),
(39, 'staff', '11111', '2023-10-25 11:42:17'),
(40, 'staff', '11111', '2023-10-25 11:42:17'),
(41, 'staff', '11111', '2023-10-25 11:42:18'),
(42, 'cashier1', '10', '2023-10-25 12:12:36'),
(43, 'cashier1', '11111', '2023-10-25 12:12:46'),
(44, 'cashier1', '200', '2023-10-25 12:12:51'),
(45, 'cashier1', '10', '2023-10-25 12:12:54'),
(46, 'cashier1', '222', '2023-10-25 12:12:57'),
(47, 'cashier1', '10', '2023-10-25 12:30:51'),
(48, 'cashier1', '200', '2023-10-25 12:31:50'),
(49, 'cashier1', '10', '2023-10-25 12:32:02'),
(50, 'cashier1', '69', '2023-11-02 20:06:46'),
(51, 'cashier1', '69', '2023-11-02 20:32:02'),
(52, 'cashier1', '69', '2023-11-02 20:32:21'),
(53, 'cashier1', '69', '2023-11-02 20:40:18'),
(54, 'cashier1', '69', '2023-11-02 20:40:41'),
(55, 'cashier1', '200', '2023-11-02 22:28:53'),
(56, 'cashier1', '69', '2023-11-03 03:20:40'),
(57, 'cashier1', '200', '2023-11-03 03:40:26'),
(58, 'cashier1', '195', '2023-11-03 03:43:52'),
(59, 'cashier1', '69', '2023-11-06 18:54:24'),
(60, 'cashier1', '69', '2023-11-06 18:55:06'),
(61, 'cashier1', '69', '2023-11-06 18:55:24'),
(62, 'cashier1', '69', '2023-11-06 21:27:56'),
(63, 'staff', '120', '2023-11-10 00:02:29'),
(64, 'cashier1', '120', '2023-11-10 22:05:45'),
(65, 'cashier1', '140', '2023-11-15 01:07:36'),
(66, 'cashier1', '1', '2023-11-15 01:07:58'),
(67, 'cashier1', '140', '2023-11-15 01:11:21'),
(68, 'cashier1', '20', '2023-11-15 01:16:33'),
(69, 'cashier1', '140', '2023-11-15 02:47:45'),
(70, 'cashier1', '140', '2023-11-15 03:26:57'),
(71, 'cashier1', '140', '2023-11-15 04:02:53'),
(72, 'cashier1', '10', '2023-11-16 01:15:21');

--
-- Indexes for dumped tables
--

--
-- Indexes for table `archieve_categories`
--
ALTER TABLE `archieve_categories`
  ADD PRIMARY KEY (`id`);

--
-- Indexes for table `archieve_inv_categories`
--
ALTER TABLE `archieve_inv_categories`
  ADD PRIMARY KEY (`id`);

--
-- Indexes for table `archieve_products`
--
ALTER TABLE `archieve_products`
  ADD PRIMARY KEY (`id`);

--
-- Indexes for table `categories`
--
ALTER TABLE `categories`
  ADD PRIMARY KEY (`id`);

--
-- Indexes for table `categories_inventory`
--
ALTER TABLE `categories_inventory`
  ADD PRIMARY KEY (`id`);

--
-- Indexes for table `daily_sales`
--
ALTER TABLE `daily_sales`
  ADD PRIMARY KEY (`sales_id`);

--
-- Indexes for table `ingredients`
--
ALTER TABLE `ingredients`
  ADD PRIMARY KEY (`id`),
  ADD KEY `category_id` (`category_id`);

--
-- Indexes for table `orders`
--
ALTER TABLE `orders`
  ADD PRIMARY KEY (`id`);

--
-- Indexes for table `order_items`
--
ALTER TABLE `order_items`
  ADD PRIMARY KEY (`id`);

--
-- Indexes for table `products`
--
ALTER TABLE `products`
  ADD PRIMARY KEY (`id`);

--
-- Indexes for table `product_ingredients`
--
ALTER TABLE `product_ingredients`
  ADD PRIMARY KEY (`id`),
  ADD KEY `products_id` (`product_id`),
  ADD KEY `ingredients_id_fk` (`ingredients_id`);

--
-- Indexes for table `stocks`
--
ALTER TABLE `stocks`
  ADD PRIMARY KEY (`id`),
  ADD KEY `order_items_id` (`order_items_id`),
  ADD KEY `product_ingredients_id` (`product_ingredients_id`);

--
-- Indexes for table `system_settings`
--
ALTER TABLE `system_settings`
  ADD PRIMARY KEY (`id`);

--
-- Indexes for table `users`
--
ALTER TABLE `users`
  ADD PRIMARY KEY (`id`);

--
-- Indexes for table `user_log`
--
ALTER TABLE `user_log`
  ADD PRIMARY KEY (`id`),
  ADD KEY `user_id_fk` (`user_id`);

--
-- Indexes for table `void`
--
ALTER TABLE `void`
  ADD PRIMARY KEY (`void_id`);

--
-- AUTO_INCREMENT for dumped tables
--

--
-- AUTO_INCREMENT for table `archieve_categories`
--
ALTER TABLE `archieve_categories`
  MODIFY `id` int(30) NOT NULL AUTO_INCREMENT, AUTO_INCREMENT=32;

--
-- AUTO_INCREMENT for table `archieve_inv_categories`
--
ALTER TABLE `archieve_inv_categories`
  MODIFY `id` int(255) NOT NULL AUTO_INCREMENT;

--
-- AUTO_INCREMENT for table `archieve_products`
--
ALTER TABLE `archieve_products`
  MODIFY `id` int(30) NOT NULL AUTO_INCREMENT, AUTO_INCREMENT=187;

--
-- AUTO_INCREMENT for table `categories`
--
ALTER TABLE `categories`
  MODIFY `id` int(30) NOT NULL AUTO_INCREMENT, AUTO_INCREMENT=46;

--
-- AUTO_INCREMENT for table `categories_inventory`
--
ALTER TABLE `categories_inventory`
  MODIFY `id` int(11) NOT NULL AUTO_INCREMENT, AUTO_INCREMENT=29;

--
-- AUTO_INCREMENT for table `daily_sales`
--
ALTER TABLE `daily_sales`
  MODIFY `sales_id` int(255) NOT NULL AUTO_INCREMENT, AUTO_INCREMENT=344;

--
-- AUTO_INCREMENT for table `ingredients`
--
ALTER TABLE `ingredients`
  MODIFY `id` int(255) NOT NULL AUTO_INCREMENT, AUTO_INCREMENT=121;

--
-- AUTO_INCREMENT for table `orders`
--
ALTER TABLE `orders`
  MODIFY `id` int(11) NOT NULL AUTO_INCREMENT, AUTO_INCREMENT=631;

--
-- AUTO_INCREMENT for table `order_items`
--
ALTER TABLE `order_items`
  MODIFY `id` int(30) NOT NULL AUTO_INCREMENT, AUTO_INCREMENT=881;

--
-- AUTO_INCREMENT for table `products`
--
ALTER TABLE `products`
  MODIFY `id` int(30) NOT NULL AUTO_INCREMENT, AUTO_INCREMENT=230;

--
-- AUTO_INCREMENT for table `product_ingredients`
--
ALTER TABLE `product_ingredients`
  MODIFY `id` int(255) NOT NULL AUTO_INCREMENT, AUTO_INCREMENT=241;

--
-- AUTO_INCREMENT for table `stocks`
--
ALTER TABLE `stocks`
  MODIFY `id` int(255) NOT NULL AUTO_INCREMENT;

--
-- AUTO_INCREMENT for table `system_settings`
--
ALTER TABLE `system_settings`
  MODIFY `id` int(30) NOT NULL AUTO_INCREMENT, AUTO_INCREMENT=2;

--
-- AUTO_INCREMENT for table `users`
--
ALTER TABLE `users`
  MODIFY `id` int(30) NOT NULL AUTO_INCREMENT, AUTO_INCREMENT=19;

--
-- AUTO_INCREMENT for table `user_log`
--
ALTER TABLE `user_log`
  MODIFY `id` int(11) NOT NULL AUTO_INCREMENT, AUTO_INCREMENT=484;

--
-- AUTO_INCREMENT for table `void`
--
ALTER TABLE `void`
  MODIFY `void_id` int(255) NOT NULL AUTO_INCREMENT, AUTO_INCREMENT=73;

--
-- Constraints for dumped tables
--

--
-- Constraints for table `ingredients`
--
ALTER TABLE `ingredients`
  ADD CONSTRAINT `category_id` FOREIGN KEY (`category_id`) REFERENCES `categories_inventory` (`id`) ON DELETE CASCADE ON UPDATE CASCADE;

--
-- Constraints for table `product_ingredients`
--
ALTER TABLE `product_ingredients`
  ADD CONSTRAINT `ingredients_id_fk` FOREIGN KEY (`ingredients_id`) REFERENCES `ingredients` (`id`) ON DELETE CASCADE ON UPDATE CASCADE,
  ADD CONSTRAINT `products_id` FOREIGN KEY (`product_id`) REFERENCES `products` (`id`) ON DELETE CASCADE ON UPDATE CASCADE;

--
-- Constraints for table `stocks`
--
ALTER TABLE `stocks`
  ADD CONSTRAINT `order_items_id` FOREIGN KEY (`order_items_id`) REFERENCES `order_items` (`id`) ON DELETE CASCADE ON UPDATE CASCADE,
  ADD CONSTRAINT `product_ingredients_id` FOREIGN KEY (`product_ingredients_id`) REFERENCES `product_ingredients` (`id`) ON DELETE CASCADE ON UPDATE CASCADE;

--
-- Constraints for table `user_log`
--
ALTER TABLE `user_log`
  ADD CONSTRAINT `user_id_fk` FOREIGN KEY (`user_id`) REFERENCES `users` (`id`) ON DELETE CASCADE ON UPDATE CASCADE;
COMMIT;

/*!40101 SET CHARACTER_SET_CLIENT=@OLD_CHARACTER_SET_CLIENT */;
/*!40101 SET CHARACTER_SET_RESULTS=@OLD_CHARACTER_SET_RESULTS */;
/*!40101 SET COLLATION_CONNECTION=@OLD_COLLATION_CONNECTION */;
